Descripcion,Precio,Agotado,Categoria
AURICULARES DIADEMA PANASONIC RP-HF100ME-A,15.90,NO,IMAGEN Y SONIDO  
AURICULARES DIADEMA PANASONIC RP-HF100ME-K,15.90,NO,IMAGEN Y SONIDO  
AURICULARES DIADEMA PANASONIC RP-HF100ME-W,15.90,NO,IMAGEN Y SONIDO  
DVD REPRODUCTOR SONY DVP-SR370,45,NO,IMAGEN Y SONIDO  
PLANCHA DE VAPOR TAURUS GEYSER ECO 2800,49,NO,PEQUEÑO ELECTRODOMÉSTICO  
RELOJ ACTIVIDAD DEPORTIVA SUNSTECH FITLIFEPROBK,26.90,NO,INFORMÁTICA Y TELEFONÍA  
RELOJ ACTIVIDAD DEPORTIVA SUNSTECH FITLIFEPRORD,26.90,NO,INFORMÁTICA Y TELEFONÍA  
ALTAVOZ PORTÁTIL SPC INTERNET 4411N BANG SPEAKER,24.90,NO,IMAGEN Y SONIDO  
ENCIMERA VITROCERÁMICA ELÉCTRICA ZANUSSI Z6123IOK,220,NO,GRAN ELECTRODOMÉSTICO  
ENCIMERA VITROCERÁMICA ELÉCTRICA BEKO HIC 63401 T,180,NO,GRAN ELECTRODOMÉSTICO  
ENCIMERA GAS ELECTROLUX EGT6633NOK,250,NO,GRAN ELECTRODOMÉSTICO  
ALTAVOZ PORTÁTIL SUNSTECH SPUBT710 BK,27.90,NO,IMAGEN Y SONIDO  
VENTILADOR SEMI INDUSTRIAL FM FG-45,61.75,SI,CLIMATIZACIÓN  
VENTILADOR TECHO FM VT-3000 L,189,SI,CLIMATIZACIÓN  
VENTILADOR PIE ORBEGOZO SF 0243,42.75,SI,CLIMATIZACIÓN  
CLIMATIZADOR DELONGHI EV250.WH,189,SI,CLIMATIZACIÓN  
TELEVISOR LED 65′′ HISENSE H65A6100,549,NO,IMAGEN Y SONIDO  
CAMPANA EXTRACTOR CATA PROFESSIONAL 500,69,NO,GRAN ELECTRODOMÉSTICO  
CAMPANA EXTRACTOR CATA GS 600,99,NO,GRAN ELECTRODOMÉSTICO  
CAMPANA EXTRACTOR CATA PROFESSIONAL 750L,129,NO,GRAN ELECTRODOMÉSTICO  
VENTILADOR SEMI INDUSTRIAL FM F-50,71.25,SI,CLIMATIZACIÓN  
VENTILADOR PIE FM VP-40,26.51,SI,CLIMATIZACIÓN  
VENTILADOR SEMI INDUSTRIAL FM F-30,36,SI,CLIMATIZACIÓN  
ENCIMERA VITROCERÁMICA ELÉCTRICA ELECTROLUX EHF6231IOK,229,NO,GRAN ELECTRODOMÉSTICO  
VENTILADOR DE PARED FM VM-140 M,37.05,SI,CLIMATIZACIÓN  
VENTILADOR PIE FM PM-140,56.05,SI,CLIMATIZACIÓN  
VENTILADOR SEMI INDUSTRIAL FM F-45,52.25,SI,CLIMATIZACIÓN  
VENTILADOR SOBREMESA-PARED FM S-123,18.91,SI,CLIMATIZACIÓN  
VENTILADOR SOBREMESA-PARED FM S-140,27.46,SI,CLIMATIZACIÓN  
VENTILADOR PIE FM P-40,31.26,SI,CLIMATIZACIÓN  
VENTILADOR TECHO FM VT-90 B,56,SI,CLIMATIZACIÓN  
VENTILADOR COLUMNA FM VTR,33.16,SI,CLIMATIZACIÓN  
VENTILADOR COLUMNA FM VTR BLACK,56.05,SI,CLIMATIZACIÓN  
VENTILADOR TECHO FM VT-CLASSIC 130,61.75,SI,CLIMATIZACIÓN  
VENTILADOR TECHO FM VT-CLASSIC 130 B,61.75,SI,CLIMATIZACIÓN  
VENTILADOR TECHO FM VT-105,61.75,SI,CLIMATIZACIÓN  
VENTILADOR TECHO FM VT-130,71.25,SI,CLIMATIZACIÓN  
VENTILADOR TECHO ORBEGOZO CP 20132 M,94.05,SI,CLIMATIZACIÓN  
VENTILADOR PIE ORBEGOZO SF 3344,32.21,SI,CLIMATIZACIÓN  
VENTILADOR INDUSTRIAL ORBEGOZO PW 1546,56.05,SI,CLIMATIZACIÓN  
HORNILLO GAS VITROKITCHEN 250BB,59,NO,PEQUEÑO ELECTRODOMÉSTICO  
HORNO ELÉCTRICO ZANUSSI ZOB20311XU,190,NO,GRAN ELECTRODOMÉSTICO  
ASPIRADOR ESCOBA ROWENTA RH9057WO AIR FORCE 360,259,NO,PEQUEÑO ELECTRODOMÉSTICO  
HORNO ELÉCTRICO ZANUSSI ZOB35723XU,270,NO,GRAN ELECTRODOMÉSTICO  
CALEFACTOR TERMOVENTILADOR ORBEGOZO FH 5040,16.90,NO,CLIMATIZACIÓN  
AURICULARES BOTÓN SAMSUNG GEAR ICON X 2018 NEGRO (SM-R140NZKAPHE),99,NO,IMAGEN Y SONIDO  
ALTAVOZ PORTÁTIL SUNSTECH MUSCLE PRO BL,119,NO,IMAGEN Y SONIDO  
RADIO PORTÁTIL SUNSTECH RPC5 BLIS SL,12.90,NO,IMAGEN Y SONIDO  
ALTAVOZ PORTÁTIL SUNSTECH SPBTAQUA BL,29.90,NO,IMAGEN Y SONIDO  
SMARTPHONE ALCATEL A5 LED (5085D) PLATA,99,NO,INFORMÁTICA Y TELEFONÍA  
AURICULARES BOTÓN SONY SBH20 ROSA,29.90,NO,IMAGEN Y SONIDO  
DRON PARROT ROLLING SPIDER ROJO,49,NO,INFORMÁTICA Y TELEFONÍA  
ALTAVOZ HI-FI SPC INTERNET 4554N HURRICANE TOWER,69,NO,IMAGEN Y SONIDO  
CÁMARA DE VÍDEO DIGITAL CÁMARA DE ACCIÓN NILOX 13NXAK3600001,16.90,NO,IMAGEN Y SONIDO  
TABLET SUNSTECH TAB1081,99,NO,INFORMÁTICA Y TELEFONÍA  
EQUIPO HIFI MICRO LG CK43,149,NO,IMAGEN Y SONIDO  
CONSOLA PORTÁTIL NINTENDO NEW 2DS XL LAVANDA + TOMODACHI LIFE,159,NO,IMAGEN Y SONIDO  
GIRADISCOS 43 cm. SUNSTECH PXR22 BK,99,NO,IMAGEN Y SONIDO  
VENTILADOR TECHO FM VT-SYSTEM 130,122.55,SI,CLIMATIZACIÓN  
TABLET SUNSTECH TAB1081 BK,99,NO,INFORMÁTICA Y TELEFONÍA  
VENTILADOR NEBULIZADOR FM ND-95,113.05,SI,CLIMATIZACIÓN  
VENTILADOR BOX FAN FM BF-3,25.56,SI,CLIMATIZACIÓN  
VENTILADOR TECHO FM VT-105 SOFT,113.05,SI,CLIMATIZACIÓN  
VENTILADOR PIE FM P-40 BLACK,39.90,SI,CLIMATIZACIÓN  
VENTILADOR SOBREMESA-PARED FM S-130,22.71,SI,CLIMATIZACIÓN  
VENTILADOR COLUMNA TAURUS TF3000,45.51,SI,CLIMATIZACIÓN  
GIRADISCOS 43 cm. SUNSTECH PXRC5CD,159,NO,IMAGEN Y SONIDO  
ALTAVOZ HI-FI LG RL3,169,NO,IMAGEN Y SONIDO  
CONSOLA PORTÁTIL NINTENDO SWITCH LITE TURQUESA,219.95,NO,IMAGEN Y SONIDO  
RELOJ ACTIVIDAD DEPORTIVA SUNSTECH FITLIFE WATCH BL,49,NO,INFORMÁTICA Y TELEFONÍA  
CONSOLA PORTÁTIL NINTENDO SWITCH LITE GRIS,219.95,NO,IMAGEN Y SONIDO  
ACCESORIO COCINA VARIOS COM GAS MANGUERA BUTANO 238,2,NO,PEQUEÑO ELECTRODOMÉSTICO  
ACCESORIO COCINA VARIOS COM GAS REGULADOR 200072,7,NO,PEQUEÑO ELECTRODOMÉSTICO  
RELOJ SMARTWATCH XIAOMI AMAZFIT GTR 47 MM ACERO INOXIDABLE,149,NO,INFORMÁTICA Y TELEFONÍA  
CÁMARA DE VÍDEO DIGITAL CÁMARA DE ACCIÓN NILOX 4K NAKED,79,NO,IMAGEN Y SONIDO  
ACCESORIO FOTOGRAFÍA Y VÍDEO NILOX 13NXAKAC00003,19.90,NO,IMAGEN Y SONIDO  
TABLET SPC INTERNET BLINK 10.1 9767108P,59,NO,INFORMÁTICA Y TELEFONÍA  
ALTAVOZ PORTÁTIL SPC INTERNET TUBE 4416A,35,NO,IMAGEN Y SONIDO  
ALTAVOZ PORTÁTIL SPC INTERNET TUBE 4416V,35,NO,IMAGEN Y SONIDO  
AURICULARES BOTÓN SAMSUNG GALAXY BUDS NEGRO,149,NO,IMAGEN Y SONIDO  
MOVILIDAD URBANA PATÍN ELECTRICO SEGWAY KICKSCOOTER ES1,349,NO,INFORMÁTICA Y TELEFONÍA  
ALTAVOZ PORTÁTIL LAUSON LLX33,49,NO,IMAGEN Y SONIDO  
AURICULARES BOTÓN LAUSON EH222 TWIN,21.90,NO,IMAGEN Y SONIDO  
AURICULARES DIADEMA TRUST 22450 GXT 307 RAVU GAMING HEADSET,14.90,NO,IMAGEN Y SONIDO  
AURICULARES BOTÓN SPC INTERNET HYPE 4603A,7.90,NO,IMAGEN Y SONIDO  
AURICULARES BOTÓN SPC INTERNET HYPE 4603P,7.90,NO,IMAGEN Y SONIDO  
AURICULARES BOTÓN SPC INTERNET HYPE 4603V,7.90,NO,IMAGEN Y SONIDO  
AURICULARES BOTÓN SPC INTERNET HYPE 4603Y,7.90,NO,IMAGEN Y SONIDO  
EXPRIMIDOR UFESA EX4950,59.90,NO,PEQUEÑO ELECTRODOMÉSTICO  
PLANCHA DE VAPOR UFESA PV3500 ECO,44.90,NO,PEQUEÑO ELECTRODOMÉSTICO  
TABLET SUNSTECH TAB781 BK,59,NO,INFORMÁTICA Y TELEFONÍA  
GIRADISCOS 43 cm. LAUSON YT077,119,NO,IMAGEN Y SONIDO  
GIRADISCOS 43 cm. LAUSON YT078,119,NO,IMAGEN Y SONIDO  
TABLET SUNSTECH TAB781 BL,59,NO,INFORMÁTICA Y TELEFONÍA  
TABLET SUNSTECH TAB781 RD,59,NO,INFORMÁTICA Y TELEFONÍA  
RELOJ SMARTWATCH SPC INTERNET SMARTEE GO 9627N,19.90,NO,INFORMÁTICA Y TELEFONÍA  
RELOJ ACTIVIDAD DEPORTIVA SAMSUNG GALAXY FIT PLATA (SM-R370NZSAPHE),99,NO,INFORMÁTICA Y TELEFONÍA  
MOVILIDAD URBANA EBIKE XIAOMI QICYCLE XL NEGRA,899,NO,INFORMÁTICA Y TELEFONÍA  
CAMPANA DECORATIVA DE PARED MEPAMSA PIRAMIDE PLUS 60 INOX,99,NO,GRAN ELECTRODOMÉSTICO  
TOSTADOR MOULINEX LS330D11,41.90,NO,PEQUEÑO ELECTRODOMÉSTICO  
EXPRIMIDOR MOULINEX PC603D10,65,NO,PEQUEÑO ELECTRODOMÉSTICO  
SMARTPHONE LG G6 ICE-PLATINUM,199,NO,INFORMÁTICA Y TELEFONÍA  
TENSIÓMETRO BEURER BC-28,24.90,NO,PEQUEÑO ELECTRODOMÉSTICO  
BÁSCULA DE BAÑO BEURER GS-300 NEGRA,29.90,NO,PEQUEÑO ELECTRODOMÉSTICO  
PLANCHA DE VAPOR BRAUN TS725,59,NO,PEQUEÑO ELECTRODOMÉSTICO  
EXPRIMIDOR BRAUN CJ 3050,35.90,NO,PEQUEÑO ELECTRODOMÉSTICO  
GIRADISCOS MICRO SUNSTECH PXR6SBT,89,NO,IMAGEN Y SONIDO  
IRRIGADOR DENTAL BRAUN OXYJET MD-20,99,NO,PEQUEÑO ELECTRODOMÉSTICO  
ACCESORIO COCINA VARIOS TAURUS ROLLOS VACPACK 999.184,15.90,NO,PEQUEÑO ELECTRODOMÉSTICO  
BÁSCULA DE BAÑO BEURER BG-13,29.90,NO,PEQUEÑO ELECTRODOMÉSTICO  
BÁSCULA DE COCINA BEURER KS-19 BREAKFAST,18.90,NO,PEQUEÑO ELECTRODOMÉSTICO  
PEDICURA BABYLISS F210E,34.90,NO,PEQUEÑO ELECTRODOMÉSTICO  
SECADOR SOLAC SH7082 STUDIO DIFFUSER 2200,24.90,NO,PEQUEÑO ELECTRODOMÉSTICO  
PLANCHA DE PELO ROWENTA SF7660F0 PREMIUM CARE LISS&CURL,82.90,NO,PEQUEÑO ELECTRODOMÉSTICO  
PLANCHA DE VAPOR BRAUN TEXSTYLE 7 TS735TP,89,NO,PEQUEÑO ELECTRODOMÉSTICO  
TELÉFONO INALÁMBRICO SPC INTERNET 7312N ART DUO,29.90,NO,INFORMÁTICA Y TELEFONÍA  
MOLDEADOR BRAUN SATIN HAIR AS330,30.90,NO,PEQUEÑO ELECTRODOMÉSTICO  
TENSIÓMETRO BEURER BM-44,49.90,NO,PEQUEÑO ELECTRODOMÉSTICO  
FILTRO JARRA PURIFICADORA DE AGUA LAUSON AWF102,9.90,NO,PEQUEÑO ELECTRODOMÉSTICO  
BATIDORA DE VARILLA BRAUN MQ 3000 WH SMOOTHIE,35.90,NO,PEQUEÑO ELECTRODOMÉSTICO  
ACCESORIO COCINA VARIOS JATA R22X6,14.90,NO,PEQUEÑO ELECTRODOMÉSTICO  
ACCESORIO COCINA VARIOS JATA R28X6,15.90,NO,PEQUEÑO ELECTRODOMÉSTICO  
CORTAPELO PHILIPS NT3160 10,15.90,NO,PEQUEÑO ELECTRODOMÉSTICO  
CORTAPELO BRAUN EN 10,20.90,NO,PEQUEÑO ELECTRODOMÉSTICO  
EXPRIMIDOR SOLAC EX6152 CITRO 40,20.90,NO,PEQUEÑO ELECTRODOMÉSTICO  
CÁPSULA DE CAFÉ STRACTO CLASSICO,4.45,NO,PEQUEÑO ELECTRODOMÉSTICO  
CÁPSULA DE CAFÉ STRACTO CORPOSSO,4.45,NO,PEQUEÑO ELECTRODOMÉSTICO  
CÁPSULA DE CAFÉ STRACTO DECAFFE,4.60,NO,PEQUEÑO ELECTRODOMÉSTICO  
CÁPSULA DE CAFÉ STRACTO DELICATO,4.45,NO,PEQUEÑO ELECTRODOMÉSTICO  
CÁPSULA DE CAFÉ STRACTO INTENSO,4.45,NO,PEQUEÑO ELECTRODOMÉSTICO  
ESPEJO BEURER BS-49,24.90,NO,PEQUEÑO ELECTRODOMÉSTICO  
TERMÓMETRO BEURER FT 65,31.90,NO,PEQUEÑO ELECTRODOMÉSTICO  
TOSTADOR JATA TT584,32.90,NO,PEQUEÑO ELECTRODOMÉSTICO  
LICUADORA MOULINEX ZU255B10 INFINY JUICE,159,NO,PEQUEÑO ELECTRODOMÉSTICO  
LICUADORA PHILIPS HR1832 00,79.90,NO,PEQUEÑO ELECTRODOMÉSTICO  
SECADOR TAURUS FASHION 3000 IONIC,30.90,NO,PEQUEÑO ELECTRODOMÉSTICO  
ENCIMERA VITROCERÁMICA DE INDUCCIÓN ELECTROLUX LIT60346,480,NO,GRAN ELECTRODOMÉSTICO  
BATIDORA DE VARILLA BRAUN MQ 3135 WH SAUCE,71.90,NO,PEQUEÑO ELECTRODOMÉSTICO  
EXPRIMIDOR BRAUN CJ3000,22.90,NO,PEQUEÑO ELECTRODOMÉSTICO  
BATIDORA MULTIFUNCIÓN BOSCH MFQ36460,65,NO,PEQUEÑO ELECTRODOMÉSTICO  
BATIDORA DE VARILLA BOSCH MSM66120,49,NO,PEQUEÑO ELECTRODOMÉSTICO  
ACCESORIO CUIDADO PERSONAL BRAUN CASSETTE 32B,37.90,NO,PEQUEÑO ELECTRODOMÉSTICO  
ACCESORIO CUIDADO PERSONAL BRAUN EB 20-5 PRECISION CLEAN,20.90,NO,PEQUEÑO ELECTRODOMÉSTICO  
PURIFICADOR DE AGUA BRITA P1000,49,NO,PEQUEÑO ELECTRODOMÉSTICO  
HORNILLO ELÉCTRICO JATA V139,39.90,NO,PEQUEÑO ELECTRODOMÉSTICO  
VAPORERA JATA CV200,27.90,NO,PEQUEÑO ELECTRODOMÉSTICO  
CORTAFIAMBRES JATA CF301,55,NO,PEQUEÑO ELECTRODOMÉSTICO  
PAELLERA ORBEGOZO PZ 7775,30.90,NO,PEQUEÑO ELECTRODOMÉSTICO  
TOSTADOR MOULINEX LS160111 PRINCIPIO,32.90,NO,PEQUEÑO ELECTRODOMÉSTICO  
HORNILLO GAS ORBEGOZO FO 1700,32.90,NO,PEQUEÑO ELECTRODOMÉSTICO  
HORNILLO GAS ORBEGOZO FO 3500,75,NO,PEQUEÑO ELECTRODOMÉSTICO  
HORNILLO ELÉCTRICO ORBEGOZO PE 2750,34.90,NO,PEQUEÑO ELECTRODOMÉSTICO  
HORNO SIN INSTALACIÓN ORBEGOZO HO 321,65,NO,GRAN ELECTRODOMÉSTICO  
PAELLERA ORBEGOZO PZ 8100,33.90,NO,PEQUEÑO ELECTRODOMÉSTICO  
LICUADORA ORBEGOZO LI 3500,26.90,NO,PEQUEÑO ELECTRODOMÉSTICO  
FREIDORA ORBEGOZO FDR 35,49,NO,PEQUEÑO ELECTRODOMÉSTICO  
BARBERO PHILIPS MG3730 15,29.90,NO,PEQUEÑO ELECTRODOMÉSTICO  
DEPILADORA ELÉCTRICA PHILIPS HP6543 00,47.90,NO,PEQUEÑO ELECTRODOMÉSTICO  
QUITAPELUSAS SOLAC H101,23.90,NO,PEQUEÑO ELECTRODOMÉSTICO  
TELEVISOR LED 55′′ LG 55UK6500PLA,499,NO,IMAGEN Y SONIDO  
TELEVISOR LED 55′′ SONY KD-55XF7096BAEP,549,NO,IMAGEN Y SONIDO  
CEPILLO DENTAL PHILIPS HX3212 03,29.90,NO,PEQUEÑO ELECTRODOMÉSTICO  
PLANCHA DE VAPOR BRAUN SI 3054 GY,69,NO,PEQUEÑO ELECTRODOMÉSTICO  
SECADOR BRAUN SATIN HAIR 1 HD130,18.90,NO,PEQUEÑO ELECTRODOMÉSTICO  
HERVIDOR DE AGUA ORBEGOZO KT 6003,13.90,NO,PEQUEÑO ELECTRODOMÉSTICO  
CEPILLO DENTAL BRAUN D 100 VITALITY CROSS ACTION NEGRO,26.90,NO,PEQUEÑO ELECTRODOMÉSTICO  
CEPILLO DENTAL BRAUN D 100 VITALITY CROSS ACTION ROSA,26.90,NO,PEQUEÑO ELECTRODOMÉSTICO  
CEPILLO DENTAL BRAUN D 100 VITALITY CROSS ACTION AZUL,26.90,NO,PEQUEÑO ELECTRODOMÉSTICO  
CEPILLO DENTAL BRAUN D 100 VITALITY CROSS ACTION BLANCO,26.90,NO,PEQUEÑO ELECTRODOMÉSTICO  
TABLA DE PLANCHADO ORBEGOZO TP 4000,45,NO,PEQUEÑO ELECTRODOMÉSTICO  
HORNO SIN INSTALACIÓN ORBEGOZO HOT 397,95,NO,GRAN ELECTRODOMÉSTICO  
TOSTADOR ORBEGOZO TO 3010,16.90,NO,PEQUEÑO ELECTRODOMÉSTICO  
HERVIDOR DE AGUA SOLAC KT5857 STILLO RED,34.90,NO,PEQUEÑO ELECTRODOMÉSTICO  
DEPILADORA LUZ PHILIPS BRI861 00,179,NO,PEQUEÑO ELECTRODOMÉSTICO  
MOLDEADOR ROWENTA CF2112F0 TENACILLA BASIC ELITE,21.90,NO,PEQUEÑO ELECTRODOMÉSTICO  
PLANCHA DE VAPOR ROWENTA DW8113D1 PROFESSIONAL,89.90,NO,PEQUEÑO ELECTRODOMÉSTICO  
PLANCHA DE PELO ROWENTA SF4112F0 EXTRA LISS,45,NO,PEQUEÑO ELECTRODOMÉSTICO  
ALTAVOZ PORTÁTIL SPC INTERNET 4411A BANG SPEAKER,24.90,NO,IMAGEN Y SONIDO  
TENSIÓMETRO BEURER BM-26,32.90,NO,PEQUEÑO ELECTRODOMÉSTICO  
MÓVIL BÁSICO SPC INTERNET 2312N GOLIATH,59,NO,INFORMÁTICA Y TELEFONÍA  
TOSTADOR JATA TT1046,39.90,NO,PEQUEÑO ELECTRODOMÉSTICO  
TELEVISOR LED 55′′ PANASONIC TX-55FX623E,499,NO,IMAGEN Y SONIDO  
MICROONDAS ORBEGOZO MI 2020,69,NO,GRAN ELECTRODOMÉSTICO  
TELEVISOR QLED 49′′ SAMSUNG QE49Q60RATXXC,880,NO,IMAGEN Y SONIDO  
DEPILADORA ELÉCTRICA BRAUN SILK EPIL 7 7-775 BEAUTY SET,139,NO,PEQUEÑO ELECTRODOMÉSTICO  
BÁSCULA DE BAÑO JATA 593,32.90,NO,PEQUEÑO ELECTRODOMÉSTICO  
ENCIMERA VITROCERÁMICA DE INDUCCIÓN JATA VIN145,51.90,NO,GRAN ELECTRODOMÉSTICO  
BATIDORA DE VASO UFESA BS4799 DELUX,89.90,NO,PEQUEÑO ELECTRODOMÉSTICO  
CENTRO DE PLANCHADO BRAUN IS 5145 BK,229,NO,PEQUEÑO ELECTRODOMÉSTICO  
EQUIPO HIFI MICRO LG OK45,199,NO,IMAGEN Y SONIDO  
CENTRO DE PLANCHADO PHILIPS GC7930 30,199,NO,PEQUEÑO ELECTRODOMÉSTICO  
ASPIRADOR SIN BOLSA UFESA AS4050,105,NO,PEQUEÑO ELECTRODOMÉSTICO  
TELEVISOR LED 55′′ LG 55UM7000PLC,499,NO,IMAGEN Y SONIDO  
IRRIGADOR DENTAL BRAUN AQUACARE + PASTA DE DIENTES,89.90,NO,PEQUEÑO ELECTRODOMÉSTICO  
CAFETERA EXPRESSO UFESA CE7255,149.90,NO,PEQUEÑO ELECTRODOMÉSTICO  
ESPEJO BEURER BS-45,30.90,NO,PEQUEÑO ELECTRODOMÉSTICO  
PLANCHA DE ASAR VITROKITCHEN PG201IB,149,NO,PEQUEÑO ELECTRODOMÉSTICO  
DEPILADORA ELÉCTRICA BRAUN SILK EPIL 5-549,109,NO,PEQUEÑO ELECTRODOMÉSTICO  
CAMPANA DECORATIVA DE PARED MEPAMSA CUADRO 60 NEGRA,179,NO,GRAN ELECTRODOMÉSTICO  
TELÉFONO INALÁMBRICO PANASONIC KX-TGD310SPB,35,NO,INFORMÁTICA Y TELEFONÍA  
TELÉFONO INALÁMBRICO PANASONIC KX-TGJ310SPB,59,NO,INFORMÁTICA Y TELEFONÍA  
TELÉFONO INALÁMBRICO PANASONIC KX-TGJ310SPW,59,NO,INFORMÁTICA Y TELEFONÍA  
TOSTADOR TAURUS MY TOAST DUPLO,42.90,NO,PEQUEÑO ELECTRODOMÉSTICO  
SECADOR TAURUS FASHION PROFESSIONAL 2100 (900583),31.90,NO,PEQUEÑO ELECTRODOMÉSTICO  
OLLA TAURUS ONTIME CLASSIC 4L,45,NO,PEQUEÑO ELECTRODOMÉSTICO  
OLLA TAURUS ONTIME CLASSIC 6L,49.90,NO,PEQUEÑO ELECTRODOMÉSTICO  
OLLA TAURUS ONTIME RAPID 6L,55,NO,PEQUEÑO ELECTRODOMÉSTICO  
OLLA TAURUS ONTIME RAPID 4L,49.90,NO,PEQUEÑO ELECTRODOMÉSTICO  
TELÉFONO INALÁMBRICO SPC INTERNET 7300A,15.90,NO,INFORMÁTICA Y TELEFONÍA  
MÓVIL BÁSICO SPC INTERNET 2304B,49,NO,INFORMÁTICA Y TELEFONÍA  
MÓVIL BÁSICO SPC INTERNET 2304N,49,NO,INFORMÁTICA Y TELEFONÍA  
RELOJ ACTIVIDAD DEPORTIVA SUNSTECH FITLIFE PK,24.90,NO,INFORMÁTICA Y TELEFONÍA  
RATÓN TRUST GXT 105,15.90,NO,INFORMÁTICA Y TELEFONÍA  
RELOJ SMARTWATCH SPC INTERNET 9625 POP AZUL,59,NO,INFORMÁTICA Y TELEFONÍA  
TELÉFONO INALÁMBRICO PANASONIC KX-TGD312SPB DUO,55,NO,INFORMÁTICA Y TELEFONÍA  
TELÉFONO INALÁMBRICO SPC INTERNET 7608N COMFORT KAISER,39,NO,INFORMÁTICA Y TELEFONÍA  
ENCIMERA VITROCERÁMICA DE INDUCCIÓN TEKA IB 6307,343,NO,GRAN ELECTRODOMÉSTICO  
SARTÉN TEFAL D5090502 COMFORT GRIP,23.90,NO,PEQUEÑO ELECTRODOMÉSTICO  
SARTÉN TEFAL D5090602 COMFORT GRIP,25.90,NO,PEQUEÑO ELECTRODOMÉSTICO  
SARTÉN TEFAL D5090702 COMFORT GRIP,27.90,NO,PEQUEÑO ELECTRODOMÉSTICO  
TELÉFONO FIJO SPC INTERNET 3293B COMFORT VOLUME,27.90,NO,INFORMÁTICA Y TELEFONÍA  
TELÉFONO INALÁMBRICO PANASONIC KX-TGE310SPB,49,NO,INFORMÁTICA Y TELEFONÍA  
SARTÉN VALIRA AIRE 4644-25,35.90,NO,PEQUEÑO ELECTRODOMÉSTICO  
SARTÉN VALIRA AIRE 4646-25,39.90,NO,PEQUEÑO ELECTRODOMÉSTICO  
SARTÉN VALIRA AIRE 4645-25,39.90,NO,PEQUEÑO ELECTRODOMÉSTICO  
FUNDA TABLET SUNSTECH BAG101BL,6.90,NO,INFORMÁTICA Y TELEFONÍA  
ENCIMERA GAS TEKA E 60.3 4G AL BUT,163,NO,GRAN ELECTRODOMÉSTICO  
AURICULARES DIADEMA TRUST 21665 PRIMO CHAT HEADSET,7.90,NO,IMAGEN Y SONIDO  
TELÉFONO INALÁMBRICO PANASONIC KX-TGK210SPB,39,NO,INFORMÁTICA Y TELEFONÍA  
TECLADO SILVER HT COLORS EDITION BLANCO 111938640199,22.90,NO,INFORMÁTICA Y TELEFONÍA  
MÓVIL BÁSICO PANASONIC KX-TU150 AZUL,49,NO,INFORMÁTICA Y TELEFONÍA  
MÓVIL BÁSICO PANASONIC KX-TU150 ROJO,49,NO,INFORMÁTICA Y TELEFONÍA  
MÓVIL BÁSICO PANASONIC KX-TU150 NEGRO,49,NO,INFORMÁTICA Y TELEFONÍA  
CAMPANA DECORATIVA DE PARED MEPAMSA GAVIA 90 INOX,179,NO,GRAN ELECTRODOMÉSTICO  
SECADOR TAURUS STUDIO 1500,20.90,NO,PEQUEÑO ELECTRODOMÉSTICO  
SARTÉN TEFAL D5090202 COMFORT GRIP,19.90,NO,PEQUEÑO ELECTRODOMÉSTICO  
SARTÉN TEFAL D5090402 COMFORT GRIP,22.90,NO,PEQUEÑO ELECTRODOMÉSTICO  
TERMO ELÉCTRICO FLECK DUO5 80 EU,320,NO,GRAN ELECTRODOMÉSTICO  
TERMO ELÉCTRICO FLECK DUO7 80 EU,400,NO,GRAN ELECTRODOMÉSTICO  
TERMO ELÉCTRICO FLECK DUO5 50 EU,260,NO,GRAN ELECTRODOMÉSTICO  
COCINA GAS MEIRELES G 2950 DV X,510,NO,GRAN ELECTRODOMÉSTICO  
TELÉFONO FIJO SPC INTERNET 3804N ELEGANCE ID,29.90,NO,INFORMÁTICA Y TELEFONÍA  
TELÉFONO FIJO SPC INTERNET 3608B OFFICE ID,20.90,NO,INFORMÁTICA Y TELEFONÍA  
BARBERO TAURUS HIPNOS POWER,35.90,NO,PEQUEÑO ELECTRODOMÉSTICO  
SECADOR TAURUS ALIZE 2200,25.90,NO,PEQUEÑO ELECTRODOMÉSTICO  
OLLA TAURUS ONTIME CLASSIC 10L,69,NO,PEQUEÑO ELECTRODOMÉSTICO  
OLLA TAURUS ONTIME CLASSIC 8L,59,NO,PEQUEÑO ELECTRODOMÉSTICO  
OLLA TAURUS ONTIME RAPID 8L,65,NO,PEQUEÑO ELECTRODOMÉSTICO  
BATIDORA DE VARILLA TAURUS ROBOT 600 INOX,25,NO,PEQUEÑO ELECTRODOMÉSTICO  
ENCIMERA GAS TEKA EX 70.1 5G AI AL DR CI BUT,313,NO,GRAN ELECTRODOMÉSTICO  
ENCIMERA GAS TEKA HLX 60 4G AL BUT,123,NO,GRAN ELECTRODOMÉSTICO  
ALTAVOZ PORTÁTIL TRAVIS ALTAVOZ,12.90,NO,IMAGEN Y SONIDO  
TERMO ELÉCTRICO TEKA EWH 100 VE-D,193,NO,GRAN ELECTRODOMÉSTICO  
TERMO ELÉCTRICO TEKA EWH 50 VE-D,143,NO,GRAN ELECTRODOMÉSTICO  
TERMO ELÉCTRICO TEKA EWH 30 VE-D,123,NO,GRAN ELECTRODOMÉSTICO  
TERMO ELÉCTRICO BOSCH TRONIC 2000T ES 100 6 BO M1X- KNWVB,180,NO,GRAN ELECTRODOMÉSTICO  
TELÉFONO FIJO PANASONIC KX-TSC11EXW,29.90,NO,INFORMÁTICA Y TELEFONÍA  
TELÉFONO INALÁMBRICO PANASONIC KX-TGK210SPW,39,NO,INFORMÁTICA Y TELEFONÍA  
TELÉFONO FIJO PANASONIC KX-TS500EXB,15.90,NO,INFORMÁTICA Y TELEFONÍA  
BÁSCULA DE COCINA TAURUS EASY INOX (990.716),19.90,NO,PEQUEÑO ELECTRODOMÉSTICO  
CORTAPELO TAURUS HC-0150,24.90,NO,PEQUEÑO ELECTRODOMÉSTICO  
BATIDORA DE VARILLA TAURUS ROBOT 500,19.90,NO,PEQUEÑO ELECTRODOMÉSTICO  
PLANCHA DE PELO TAURUS SLIMLOOK MINI PRECISE,21.90,NO,PEQUEÑO ELECTRODOMÉSTICO  
HORNO ELÉCTRICO TEKA HSB 610 BLANCO,270,NO,GRAN ELECTRODOMÉSTICO  
EXPRIMIDOR TAURUS TC 600 (924.242),21.90,NO,PEQUEÑO ELECTRODOMÉSTICO  
GADGET CELLY CLICK LIGHT PRO WH,14.90,NO,INFORMÁTICA Y TELEFONÍA  
FREIDORA TEFAL FZ761015 ACTIFRY GENIUS SNACKING,249,NO,PEQUEÑO ELECTRODOMÉSTICO  
ACCESORIO ENTRETENIMIENTO TRUST 22456 EXOS 2 PLUS,15.90,NO,IMAGEN Y SONIDO  
ENCIMERA VITROCERÁMICA ELÉCTRICA TEKA TZ 6417,203,NO,GRAN ELECTRODOMÉSTICO  
ENCIMERA GAS TEKA EX 60.1 3G AI AL DR CI BUT,233,NO,GRAN ELECTRODOMÉSTICO  
TELÉFONO INALÁMBRICO PANASONIC KX-TGD310SPS,35,NO,INFORMÁTICA Y TELEFONÍA  
TELÉFONO INALÁMBRICO + CONTESTADOR PANASONIC KX-TGD320SPB,55,NO,INFORMÁTICA Y TELEFONÍA  
FUNDA TABLET SILVER HT BASIC 9-10.1 AZUL,16.90,NO,INFORMÁTICA Y TELEFONÍA  
FUNDA TABLET SILVER HT BASIC 9-10.1 NEGRA,16.90,NO,INFORMÁTICA Y TELEFONÍA  
FUNDA TABLET SILVER HT BASIC 9-10.1 ROSA,16.90,NO,INFORMÁTICA Y TELEFONÍA  
FUNDA TABLET SILVER HT SAMSUNG TAB A 10.1 AZUL,14.90,NO,INFORMÁTICA Y TELEFONÍA  
FUNDA TABLET SILVER HT COOL ICE POP 9-10.1 ROJO PUNTOS BLANCOS,19.90,NO,INFORMÁTICA Y TELEFONÍA  
FUNDA TABLET SILVER HT BASIC 9-10.1 ROJA,16.90,NO,INFORMÁTICA Y TELEFONÍA  
FUNDA TABLET SILVER HT PIXEL GAMER 9-10.1,19.90,NO,INFORMÁTICA Y TELEFONÍA  
MÓVIL BÁSICO SUNSTECH CELT17 BL,39,NO,INFORMÁTICA Y TELEFONÍA  
MÓVIL BÁSICO SUNSTECH CELT17 RD,39,NO,INFORMÁTICA Y TELEFONÍA  
RATÓN TRUST 16591 BASI NEGRO,4.59,NO,INFORMÁTICA Y TELEFONÍA  
RATÓN TRUST 18519 YVI NEGRO,9.90,NO,INFORMÁTICA Y TELEFONÍA  
MANDO PARA CONSOLA TRUST 20712 GXT 540 YULA,24.90,NO,IMAGEN Y SONIDO  
ACCESORIO ENTRETENIMIENTO TRUST 22525 GXT 707G RESTO GRIS,179,NO,IMAGEN Y SONIDO  
ALTAVOZ MULTIMEDIA TRUST 22948 GEMI RGB 2.0 NEGRO,12.90,NO,IMAGEN Y SONIDO  
ALTAVOZ MULTIMEDIA TRUST 16697 MILA,11.90,NO,IMAGEN Y SONIDO  
RELOJ ACTIVIDAD DEPORTIVA HUAWEI BAND 3 Pro NEGRO,79,NO,INFORMÁTICA Y TELEFONÍA  
MÓVIL BÁSICO SUNSTECH CEL3 BK,34.90,NO,INFORMÁTICA Y TELEFONÍA  
MÓVIL BÁSICO WIKO RIFF 3 PLUS NEGRO,19.90,NO,INFORMÁTICA Y TELEFONÍA  
EXPRIMIDOR UFESA EX4939 ACTIVA,24.90,NO,PEQUEÑO ELECTRODOMÉSTICO  
BATIDORA DE VARILLA UFESA BP4572 DELUX,59.90,NO,PEQUEÑO ELECTRODOMÉSTICO  
MÓVIL BÁSICO PANASONIC KX-TU466EXBE,89,NO,INFORMÁTICA Y TELEFONÍA  
MÓVIL BÁSICO PANASONIC KX-TU466EXWE,89,NO,INFORMÁTICA Y TELEFONÍA  
HERVIDOR DE AGUA UFESA HA7910 DELUX,39.90,NO,PEQUEÑO ELECTRODOMÉSTICO  
PLANCHA DE ASAR UFESA PR2000,59.90,NO,PEQUEÑO ELECTRODOMÉSTICO  
PLANCHA DE VAPOR UFESA PV1000 ACTIVA,21.90,NO,PEQUEÑO ELECTRODOMÉSTICO  
TOSTADOR UFESA TT7965 OPTIMA,39.90,NO,PEQUEÑO ELECTRODOMÉSTICO  
BATIDORA DE VARILLA UFESA BP4560 OPTIMA,29.90,NO,PEQUEÑO ELECTRODOMÉSTICO  
AURICULARES CLIP-ON PANASONIC RP-BTS10E-A,29.90,NO,IMAGEN Y SONIDO  
AURICULARES CLIP-ON PANASONIC RP-BTS10E-K,29.90,NO,IMAGEN Y SONIDO  
AURICULARES CLIP-ON PANASONIC RP-BTS10E-W,29.90,NO,IMAGEN Y SONIDO  
AURICULARES CLIP-ON PANASONIC RP-BTS10E-Y,29.90,NO,IMAGEN Y SONIDO  
RADIO PORTÁTIL PANASONIC RF-U160DEG-S,25.90,NO,IMAGEN Y SONIDO  
CÁMARA FOTOGRÁFICA DIGITAL COMPACTA SONY DSC-W810B NEGRO,109,NO,IMAGEN Y SONIDO  
CÁMARA FOTOGRÁFICA DIGITAL COMPACTA SONY DSC-W810P ROSA,109,NO,IMAGEN Y SONIDO  
AURICULARES DIADEMA SONY MDR-ZX310B,24.90,NO,IMAGEN Y SONIDO  
AURICULARES DIADEMA SONY MDR-ZX310L,24.90,NO,IMAGEN Y SONIDO  
AURICULARES DIADEMA SONY MDR-ZX310R,24.90,NO,IMAGEN Y SONIDO  
AURICULARES DIADEMA SONY MDR-ZX310W,24.90,NO,IMAGEN Y SONIDO  
EQUIPO HIFI MICRO LG CM1560,89,NO,IMAGEN Y SONIDO  
EQUIPO HIFI MICRO LG CM2460,129,NO,IMAGEN Y SONIDO  
MP4 REPRODUCTOR SUNSTECH SKYBT4GBBL,39,NO,IMAGEN Y SONIDO  
RADIO RELOJ SUNSTECH FRDP3RD,27.90,NO,IMAGEN Y SONIDO  
RADIO PORTÁTIL SUNSTECH RPBT450BK,39,NO,IMAGEN Y SONIDO  
RADIO PORTÁTIL SUNSTECH RPD23BK,29.90,NO,IMAGEN Y SONIDO  
ALTAVOZ PORTÁTIL SUNSTECH MASSIVE-S10BK,149,NO,IMAGEN Y SONIDO  
MP3 REPRODUCTOR SUNSTECH ARGOS8GBRD,52,NO,IMAGEN Y SONIDO  
RADIO RELOJ SUNSTECH FRD35U BK,19.90,NO,IMAGEN Y SONIDO  
RADIO PORTÁTIL SUNSTECH RPBT450 OR,39,NO,IMAGEN Y SONIDO  
MP3 REPRODUCTOR SUNSTECH DEDALOIII 4GB AZUL,24.90,NO,IMAGEN Y SONIDO  
RADIO PORTÁTIL SUNSTECH RPS560BL,19.90,NO,IMAGEN Y SONIDO  
RADIO PORTÁTIL SUNSTECH RPS560RD,19.90,NO,IMAGEN Y SONIDO  
RADIO RELOJ SUNSTECH FRD28BL,27.90,NO,IMAGEN Y SONIDO  
CONSOLA PORTÁTIL NINTENDO NEW 2DS XL BLANCO-NARANJA,149.90,NO,IMAGEN Y SONIDO  
CONSOLA PORTÁTIL NINTENDO NEW 2DS XL POKEBALL EDITION,159.90,NO,IMAGEN Y SONIDO  
ALTAVOZ PORTÁTIL SPC INTERNET 4410A ONE SPEAKER,16.90,NO,IMAGEN Y SONIDO  
ALTAVOZ PORTÁTIL SPC INTERNET 4410N ONE SPEAKER,16.90,NO,IMAGEN Y SONIDO  
RADIO CD LAUSON CP443,55,NO,IMAGEN Y SONIDO  
ALTAVOZ PORTÁTIL TRUST 21731 FIESTA DISCO LITE,39,NO,IMAGEN Y SONIDO  
RADIO PORTÁTIL SUNSTECH RPS44 SL,14.90,NO,IMAGEN Y SONIDO  
AURICULARES CLIP-ON SONY MDR-AS210W,14.90,NO,IMAGEN Y SONIDO  
AURICULARES DIADEMA SONY MDR-ZX110AP BLANCO,19.90,NO,IMAGEN Y SONIDO  
AURICULARES DIADEMA SONY MDR-ZX110AP NEGRO,19.90,NO,IMAGEN Y SONIDO  
AURICULARES DIADEMA SONY MDR-ZX110AP ROSA,19.90,NO,IMAGEN Y SONIDO  
RADIO CD SONY ZS-PS50B,99,NO,IMAGEN Y SONIDO  
RADIO CD LAUSON CP446,55,NO,IMAGEN Y SONIDO  
GRABADORA SONY ICD-PX370,69,NO,INFORMÁTICA Y TELEFONÍA  
GRABADORA SONY ICD-BX140,49,NO,INFORMÁTICA Y TELEFONÍA  
RADIO PORTÁTIL SUNSTECH RPDS250 RD,29.90,NO,IMAGEN Y SONIDO  
RADIO PORTÁTIL SUNSTECH RPR4000 WD,49,NO,IMAGEN Y SONIDO  
RADIO PORTÁTIL SUNSTECH RPD22 SILVER,35,NO,IMAGEN Y SONIDO  
MP3 REPRODUCTOR SUNSTECH FMT400BTUSB BK,17.90,NO,IMAGEN Y SONIDO  
TRADUCTOR TRAVIS TRADUCTOR,19.90,NO,INFORMÁTICA Y TELEFONÍA  
ALTAVOZ PORTÁTIL LG PK3,79,NO,IMAGEN Y SONIDO  
RADIO PORTÁTIL PANASONIC RF-2400DEG-K,29,NO,IMAGEN Y SONIDO  
RADIO PORTÁTIL PANASONIC RF-P150DEG-S,15.90,NO,IMAGEN Y SONIDO  
RADIO RELOJ SONY ICF-C1B,29.90,NO,IMAGEN Y SONIDO  
RADIO RELOJ SONY ICF-C1W,29.90,NO,IMAGEN Y SONIDO  
CÁMARA FOTOGRÁFICA DIGITAL COMPACTA SONY DSC-W810S PLATA,109,NO,IMAGEN Y SONIDO  
RADIO PORTÁTIL SUNSTECH RPS411 BK,14.90,NO,IMAGEN Y SONIDO  
RADIO PORTÁTIL SUNSTECH RPDS81 BK,24.90,NO,IMAGEN Y SONIDO  
RADIO PORTÁTIL SUNSTECH RPS660 WT,19.90,NO,IMAGEN Y SONIDO  
RADIO PORTÁTIL SUNSTECH RPDS32 BL,19.90,NO,IMAGEN Y SONIDO  
MP3 REPRODUCTOR SUNSTECH DEDALOIII 4GB PK,24.90,NO,IMAGEN Y SONIDO  
MP4 REPRODUCTOR SUNSTECH IBIZABT 4GB GN,39,NO,IMAGEN Y SONIDO  
MP4 REPRODUCTOR SUNSTECH IBIZABT 4GB BL,39,NO,IMAGEN Y SONIDO  
RADIO RELOJ SUNSTECH FRD18 BK,12.90,NO,IMAGEN Y SONIDO  
ACCESORIO MOVILIDAD URBANA NILOX DOC BACKPACK (14NXZADC00001),14.90,NO,INFORMÁTICA Y TELEFONÍA  
AURICULARES DIADEMA SONY MDR-ZX110P ROSA,14.90,NO,IMAGEN Y SONIDO  
AURICULARES DIADEMA SONY MDR-ZX110W BLANCO,14.90,NO,IMAGEN Y SONIDO  
AURICULARES DIADEMA SONY MDR-ZX110B NEGRO,14.90,NO,IMAGEN Y SONIDO  
ALTAVOZ PORTÁTIL SUNSTECH MASSIVE-S30BK,199,NO,IMAGEN Y SONIDO  
CONSOLA PORTÁTIL SONY PLAYSTATION CLASSIC,59.90,NO,IMAGEN Y SONIDO  
CONSOLA PORTÁTIL NINTENDO CLASSIC MINI NES,59,NO,IMAGEN Y SONIDO  
AURICULARES BOTÓN SUNSTECH POPS BL,7.99,NO,IMAGEN Y SONIDO  
AURICULARES BOTÓN SUNSTECH POPS GN,7.99,NO,IMAGEN Y SONIDO  
AURICULARES BOTÓN SUNSTECH POPS RD,7.99,NO,IMAGEN Y SONIDO  
AURICULARES BOTÓN SUNSTECH POPS WT,7.99,NO,IMAGEN Y SONIDO  
AURICULARES BOTÓN SONY MDR-EX15LPB,8.90,NO,IMAGEN Y SONIDO  
AURICULARES BOTÓN SONY MDR-EX15LPPI,8.90,NO,IMAGEN Y SONIDO  
AURICULARES BOTÓN SONY MDR-EX15LPLI,8.90,NO,IMAGEN Y SONIDO  
AURICULARES BOTÓN SONY MDR-EX15LPW,8.90,NO,IMAGEN Y SONIDO  
AURICULARES DIADEMA LAUSON PH92TV,11.90,NO,IMAGEN Y SONIDO  
RADIO RELOJ SPC INTERNET 4580N FLOKI,19.90,NO,IMAGEN Y SONIDO  
RADIO RELOJ SPC INTERNET 4581N FLOKI MAX,29.90,NO,IMAGEN Y SONIDO  
RADIO RELOJ SPC INTERNET 4582N GISLI,39,NO,IMAGEN Y SONIDO  
AURICULARES CLIP-ON SONY MDR-AS210P,14.90,NO,IMAGEN Y SONIDO  
AURICULARES CLIP-ON SONY MDR-AS210Y,14.90,NO,IMAGEN Y SONIDO  
GIRADISCOS 43 cm. LAUSON CL605,79,NO,IMAGEN Y SONIDO  
RADIO CD LAUSON CP448,55,NO,IMAGEN Y SONIDO  
RADIO PORTÁTIL LAUSON RA114,10.90,NO,IMAGEN Y SONIDO  
RADIO CD LAUSON CP451,59,NO,IMAGEN Y SONIDO  
RADIO PORTÁTIL LAUSON RA124,11.90,NO,IMAGEN Y SONIDO  
RADIO PORTÁTIL SPC INTERNET 4573N ICY,9.90,NO,IMAGEN Y SONIDO  
TELEVISOR LED 32′′ SAMSUNG UE32N5305AKXXC,293,NO,IMAGEN Y SONIDO  
ALTAVOZ PORTÁTIL SONY SRS-XB01G,24.90,NO,IMAGEN Y SONIDO  
ALTAVOZ PORTÁTIL SONY SRS-XB01L,24.90,NO,IMAGEN Y SONIDO  
ALTAVOZ PORTÁTIL SONY SRS-XB01Y,24.90,NO,IMAGEN Y SONIDO  
ALTAVOZ PORTÁTIL SONY SRS-XB01R,24.90,NO,IMAGEN Y SONIDO  
ALTAVOZ PORTÁTIL SONY SRS-XB01W,24.90,NO,IMAGEN Y SONIDO  
ALTAVOZ PORTÁTIL SONY SRS-XB01B,24.90,NO,IMAGEN Y SONIDO  
AURICULARES CLIP-ON SONY MDR-AS210B,14.90,NO,IMAGEN Y SONIDO  
MOVILIDAD URBANA PATÍN ELECTRICO XIAOMI MI ELECTRIC SCOOTER PRO NEGRO,499,NO,INFORMÁTICA Y TELEFONÍA  
GIRADISCOS 43 cm. LAUSON CL608,69,NO,IMAGEN Y SONIDO  
GIRADISCOS 43 cm. LAUSON CL604,75,NO,IMAGEN Y SONIDO  
AURICULARES BOTÓN LAUSON EH225 TWIN,26.90,NO,IMAGEN Y SONIDO  
CENTRO DE PLANCHADO BOSCH TDS6040,199,NO,PEQUEÑO ELECTRODOMÉSTICO  
DEPILADORA ELÉCTRICA PHILIPS BRE620 00,49,NO,PEQUEÑO ELECTRODOMÉSTICO  
HERVIDOR DE AGUA BOSCH TWK3A014,37.90,NO,PEQUEÑO ELECTRODOMÉSTICO  
PLANCHA DE ASAR BOSCH TFB3302V,79.90,NO,PEQUEÑO ELECTRODOMÉSTICO  
SARTÉN TEFAL EXPERTISE C6200205,31.90,NO,PEQUEÑO ELECTRODOMÉSTICO  
SARTÉN TEFAL EXPERTISE C6200405,33.90,NO,PEQUEÑO ELECTRODOMÉSTICO  
SARTÉN TEFAL EXPERTISE C6200505,35.90,NO,PEQUEÑO ELECTRODOMÉSTICO  
SARTÉN TEFAL EXPERTISE C6200605,37.90,NO,PEQUEÑO ELECTRODOMÉSTICO  
SARTÉN TEFAL EXPERTISE C6200705,45,NO,PEQUEÑO ELECTRODOMÉSTICO  
EQUIPO HIFI MINI SONY CMT-SBT20,109,NO,IMAGEN Y SONIDO  
PLANCHA DE ASAR PRINCESS 102325 TABLE GRILL XXL (2016),85,NO,PEQUEÑO ELECTRODOMÉSTICO  
ROBOT DE COCINA MOULINEX HF800A13 CUISINE COMPANION,499,NO,PEQUEÑO ELECTRODOMÉSTICO  
HORNO ELÉCTRICO TEKA HSB 637 INOX,299,NO,GRAN ELECTRODOMÉSTICO  
BATIDORA DE VARILLA BOSCH MSM66110,44.90,NO,PEQUEÑO ELECTRODOMÉSTICO  
PICADORA PHILIPS HR1393 00,27.90,NO,PEQUEÑO ELECTRODOMÉSTICO  
PICADORA BOSCH MMR08R2,34.90,NO,PEQUEÑO ELECTRODOMÉSTICO  
PLANCHA DE PELO TAURUS SLIMLOOK DIVINE PRO,44.90,NO,PEQUEÑO ELECTRODOMÉSTICO  
SARTÉN VALIRA AIRE 4641-25,26.90,NO,PEQUEÑO ELECTRODOMÉSTICO  
SARTÉN VALIRA AIRE 4688-25,39,NO,PEQUEÑO ELECTRODOMÉSTICO  
SARTÉN VALIRA AIRE 4642-25,28.90,NO,PEQUEÑO ELECTRODOMÉSTICO  
SARTÉN VALIRA AIRE 4649-25,27.90,NO,PEQUEÑO ELECTRODOMÉSTICO  
BATIDORA DE VARILLA MOULINEX DD866A10 INFINY FORCE,85,SI,PEQUEÑO ELECTRODOMÉSTICO  
AFEITADORA CORPORAL PHILIPS BG3010 15,29.90,NO,PEQUEÑO ELECTRODOMÉSTICO  
BATIDORA DE VASO BOSCH MMBM7G3M,85,NO,PEQUEÑO ELECTRODOMÉSTICO  
ASPIRADOR ESCOBA BOSCH BBH625W60,249,NO,PEQUEÑO ELECTRODOMÉSTICO  
HERVIDOR DE AGUA BOSCH TWK3A011,37.90,NO,PEQUEÑO ELECTRODOMÉSTICO  
TERMO ELÉCTRICO COINTRA ARAL TNC PLUS 50,119,NO,GRAN ELECTRODOMÉSTICO  
MICROONDAS TEKA MWE 255 FI,199,NO,GRAN ELECTRODOMÉSTICO  
HORNO ELÉCTRICO ZANUSSI ZOP37922XU,350,NO,GRAN ELECTRODOMÉSTICO  
BATIDORA DE VASO PHILIPS HR3555 00,99,NO,PEQUEÑO ELECTRODOMÉSTICO  
MICROONDAS TEKA MWE 225 FI,169,NO,GRAN ELECTRODOMÉSTICO  
SISTEMA HOME CINEMA BARRA DE SONIDO LG SK1,99,SI,IMAGEN Y SONIDO  
PLANCHA DE ASAR MONDIAL TC-04,59,NO,PEQUEÑO ELECTRODOMÉSTICO  
CÁMARA DE VÍDEO DIGITAL CÁMARA DE ACCIÓN NILOX EVO 360o,9.90,NO,IMAGEN Y SONIDO  
ENVASADORAS AL VACÍO PRINCESS 492967,59,SI,PEQUEÑO ELECTRODOMÉSTICO  
FUNDA TABLET SILVER HT COOL ICE POP 9-10.1 BLANCO,19.90,NO,INFORMÁTICA Y TELEFONÍA  
AURICULARES BOTÓN SPC INTERNET 4606R EBON,49,NO,IMAGEN Y SONIDO  
TELEVISOR LED 55′′ LG 55SM8500PLA,780,SI,IMAGEN Y SONIDO  
LIMPIEZA QUITAMANCHAS ELECTROLUX E4WMSTPN1,99,NO,PEQUEÑO ELECTRODOMÉSTICO  
MÓVIL BÁSICO PANASONIC KX-TU456EXCE,79,NO,INFORMÁTICA Y TELEFONÍA  
MÓVIL BÁSICO PANASONIC KX-TU456EXWE,79,NO,INFORMÁTICA Y TELEFONÍA  
MÓVIL BÁSICO PANASONIC KX-TU456EXRE,79,NO,INFORMÁTICA Y TELEFONÍA  
SMARTPHONE SAMSUNG GALAXY S10+ BLANCO 128 GB,799,SI,INFORMÁTICA Y TELEFONÍA  
ENCIMERA VITROCERÁMICA DE INDUCCIÓN TEKA IT 6320,359,SI,GRAN ELECTRODOMÉSTICO  
MICROONDAS TEKA MWE 230 G INOX,119,NO,GRAN ELECTRODOMÉSTICO  
TELEVISOR LED 43′′ LG 43UM7500PLA,420,SI,IMAGEN Y SONIDO  
CENTRO DE PLANCHADO BRAUN IS 2055 GR,179,NO,PEQUEÑO ELECTRODOMÉSTICO  
TELEVISOR LED 55′′ HISENSE H55B7100,379,NO,IMAGEN Y SONIDO  
TELEVISOR LED 43′′ HISENSE H43B7100,299,NO,IMAGEN Y SONIDO  
HORNO ELÉCTRICO BALAY 3HB4841X0,470,SI,GRAN ELECTRODOMÉSTICO  
CAFETERA DE CÁPSULAS BOSCH TASSIMO VIVY 2 TAS1403,29,NO,PEQUEÑO ELECTRODOMÉSTICO  
EXPRIMIDOR JATA EX1044,52,NO,PEQUEÑO ELECTRODOMÉSTICO  
CENTRO DE PLANCHADO TAURUS SENSITY COMPACT NON STOP,79,NO,PEQUEÑO ELECTRODOMÉSTICO  
TELEVISOR LED 40′′ SUNSTECH 40SUNP28TS,189,NO,IMAGEN Y SONIDO  
RELOJ ACTIVIDAD DEPORTIVA SAMSUNG GALAXY FIT e AMARILLO (SM-R375NZYAPHE),39,NO,INFORMÁTICA Y TELEFONÍA  
RELOJ ACTIVIDAD DEPORTIVA SAMSUNG GALAXY FIT e BLANCO (SM-R375NZWAPHE),39,NO,INFORMÁTICA Y TELEFONÍA  
ACCESORIO ENTRETENIMIENTO TRUST 23288 GXT 705 RYON GAMING CHAIR NEGRA,119,NO,IMAGEN Y SONIDO  
CONSOLA PORTÁTIL NINTENDO SWITCH LITE AMARILLO,219.95,NO,IMAGEN Y SONIDO  
MICROONDAS ORBEGOZO MI 2118,69,NO,GRAN ELECTRODOMÉSTICO  
HORNO ELÉCTRICO TEKA HBE 435 ME SS,240,NO,GRAN ELECTRODOMÉSTICO  
ENCIMERA GAS TEKA GZC 63310 XBN,310,NO,GRAN ELECTRODOMÉSTICO  
ENCIMERA GAS TEKA GZC 63310 XBB,310,NO,GRAN ELECTRODOMÉSTICO  
ENCIMERA GAS TEKA GBC 63010 KBB,180,NO,GRAN ELECTRODOMÉSTICO  
MICROONDAS TEKA MWE 225 G INOX,109,NO,GRAN ELECTRODOMÉSTICO  
AFEITADORA FACIAL BRAUN SERIE 1 130s,38.90,NO,PEQUEÑO ELECTRODOMÉSTICO  
CORTAFIAMBRES JATA CF1055,89,NO,PEQUEÑO ELECTRODOMÉSTICO  
ENVASADORAS AL VACÍO JATA EV107,59,NO,PEQUEÑO ELECTRODOMÉSTICO  
SANDWICHERA JATA SW231,17.90,NO,PEQUEÑO ELECTRODOMÉSTICO  
CAFETERA DE GOTEO JATA CA288N,19.90,NO,PEQUEÑO ELECTRODOMÉSTICO  
CORTAPELO JATA PS33B,32.90,NO,PEQUEÑO ELECTRODOMÉSTICO  
HORNO SIN INSTALACIÓN JATA HN916,59.90,NO,GRAN ELECTRODOMÉSTICO  
LICUADORA BRAUN SJ 3100 BK,81.90,NO,PEQUEÑO ELECTRODOMÉSTICO  
HORNO SIN INSTALACIÓN MOULINEX OX444810 OPTIMO,109,NO,GRAN ELECTRODOMÉSTICO  
HORNO SIN INSTALACIÓN MOULINEX OX464810 OPTIMO,139,NO,GRAN ELECTRODOMÉSTICO  
TOSTADOR PHILIPS HD2590 00,29.90,NO,PEQUEÑO ELECTRODOMÉSTICO  
SECADOR ORBEGOZO SE 2206,22.90,NO,PEQUEÑO ELECTRODOMÉSTICO  
SECADOR ORBEGOZO SE 2065,15.90,NO,PEQUEÑO ELECTRODOMÉSTICO  
EXPRIMIDOR ORBEGOZO EP 1510,10.90,NO,PEQUEÑO ELECTRODOMÉSTICO  
PLANCHA DE VAPOR ORBEGOZO SV 2670,20.90,NO,PEQUEÑO ELECTRODOMÉSTICO  
BÁSCULA DE COCINA ORBEGOZO PC 1020,13.90,NO,PEQUEÑO ELECTRODOMÉSTICO  
SECADOR ROWENTA CV8732F0 INFINI PRO ELITE,49.90,NO,PEQUEÑO ELECTRODOMÉSTICO  
MOLDEADOR ROWENTA CF3212F0 ELITE,23.90,NO,PEQUEÑO ELECTRODOMÉSTICO  
AFEITADORA FACIAL PHILIPS S1131 41,30.90,NO,PEQUEÑO ELECTRODOMÉSTICO  
AFEITADORA FACIAL PHILIPS S1333 41,52,NO,PEQUEÑO ELECTRODOMÉSTICO  
CORTAPELO PHILIPS HC3510 15,21.90,NO,PEQUEÑO ELECTRODOMÉSTICO  
PLANCHA DE VIAJE JATA PL280,19.90,NO,PEQUEÑO ELECTRODOMÉSTICO  
TELÉFONO FIJO SPC INTERNET 3602N ORIGINAL,14.90,NO,INFORMÁTICA Y TELEFONÍA  
CORTAPELO TAURUS NIXUS (902219),26.90,NO,PEQUEÑO ELECTRODOMÉSTICO  
EXPRIMIDOR TAURUS TC350,20.90,NO,PEQUEÑO ELECTRODOMÉSTICO  
OLLA TAURUS ONTIME RAPID 10L,69.90,NO,PEQUEÑO ELECTRODOMÉSTICO  
TELÉFONO INALÁMBRICO SPC INTERNET 7310N ART,19.90,NO,INFORMÁTICA Y TELEFONÍA  
BATIDORA DE VARILLA TAURUS BAPI 850 PLUS INOX,55,NO,PEQUEÑO ELECTRODOMÉSTICO  
MÓVIL BÁSICO SPC INTERNET 2315N EPIC,59,NO,INFORMÁTICA Y TELEFONÍA  
MÓVIL BÁSICO SPC INTERNET 2315R EPIC,59,NO,INFORMÁTICA Y TELEFONÍA  
TELÉFONO FIJO SPC INTERNET 3601N ORIGINAL LITE,10.90,NO,INFORMÁTICA Y TELEFONÍA  
TELÉFONO FIJO SPC INTERNET 3601V ORIGINAL LITE,10.90,NO,INFORMÁTICA Y TELEFONÍA  
TELÉFONO FIJO SPC INTERNET 3602 ORIGINAL,14.90,NO,INFORMÁTICA Y TELEFONÍA  
TELÉFONO INALÁMBRICO SPC INTERNET 7290R BLADE,24.90,NO,INFORMÁTICA Y TELEFONÍA  
TELÉFONO INALÁMBRICO SPC INTERNET 7310B ART,19.90,NO,INFORMÁTICA Y TELEFONÍA  
MÓVIL BÁSICO PANASONIC KX-TU110EXB,32.90,NO,INFORMÁTICA Y TELEFONÍA  
BATIDORA DE VARILLA BOSCH MSM67170,59,NO,PEQUEÑO ELECTRODOMÉSTICO  
RADIO PORTÁTIL SONY ICF-P26,29.90,NO,IMAGEN Y SONIDO  
RADIO PORTÁTIL SONY ICF-P36,35,NO,IMAGEN Y SONIDO  
RECEPTOR TELEVISIÓN DIGITAL TERRESTRE SUNSTECH DTBP700HD2,29.90,NO,IMAGEN Y SONIDO  
EXPRIMIDOR JATA EX296,15.90,NO,PEQUEÑO ELECTRODOMÉSTICO  
PLANCHA DE ASAR JATA GR558,55,NO,PEQUEÑO ELECTRODOMÉSTICO  
FREIDORA JATA FR278,55,NO,PEQUEÑO ELECTRODOMÉSTICO  
PLANCHA DE VAPOR BOSCH TDA5028020,65,NO,PEQUEÑO ELECTRODOMÉSTICO  
ASPIRADOR ESCOBA ROWENTA RH9252WO AIR FORCE ALL IN ONE,259,NO,PEQUEÑO ELECTRODOMÉSTICO  
HORNO ELÉCTRICO SIEMENS HB578G0S00,610,NO,GRAN ELECTRODOMÉSTICO  
ASPIRADOR TRINEO BOSCH BGL2UA200,105,NO,PEQUEÑO ELECTRODOMÉSTICO  
PLANCHA DE VAPOR BOSCH TDI902839W,95,NO,PEQUEÑO ELECTRODOMÉSTICO  
HORNILLO GAS VITROKITCHEN 300BB,49,NO,PEQUEÑO ELECTRODOMÉSTICO  
HORNILLO GAS VITROKITCHEN 200BB,45,NO,PEQUEÑO ELECTRODOMÉSTICO  
TELEVISOR LED 49′′ PANASONIC TX-49FX600E,449,NO,IMAGEN Y SONIDO  
TELEVISOR LED 32′′ PHILIPS 32PHT4503 12,189,NO,IMAGEN Y SONIDO  
CENTRO DE PLANCHADO BOSCH TDS8060,279,NO,PEQUEÑO ELECTRODOMÉSTICO  
MANTA ELÉCTRICA FM CS-120,44.90,SI,PEQUEÑO ELECTRODOMÉSTICO  
HORNO ELÉCTRICO BALAY 3HB5848A0,550,SI,GRAN ELECTRODOMÉSTICO  
SECADOR PHILIPS HP8238 10,33.90,NO,PEQUEÑO ELECTRODOMÉSTICO  
TERMO ELÉCTRICO COINTRA TL PLUS 50 V,159,NO,GRAN ELECTRODOMÉSTICO  
TELEVISOR LED 65′′ SONY KD-65XF7096BAEP,799,NO,IMAGEN Y SONIDO  
PLANCHA DE ASAR JATA GR3000,75,NO,PEQUEÑO ELECTRODOMÉSTICO  
EQUIPO HIFI MINI SONY MHC-V11,269,NO,IMAGEN Y SONIDO  
CORTAPELO PHILIPS MG5720 18,33.90,NO,PEQUEÑO ELECTRODOMÉSTICO  
DVD REPRODUCTOR SUNSTECH DVPMH225 BK,29.90,NO,IMAGEN Y SONIDO  
CONJUNTO HORNO + ENCIMERA GAS BEKO BSE21031CXD,270,NO,GRAN ELECTRODOMÉSTICO  
TELEVISOR LED 43′′ PHILIPS 43PUS6554 12,359,SI,IMAGEN Y SONIDO  
TELEVISOR LED 55′′ PHILIPS 55PUS7304 12,730,SI,IMAGEN Y SONIDO  
TELEVISOR LED 55′′ PHILIPS 55PUS6754 12,480,SI,IMAGEN Y SONIDO  
TELEVISOR OLED 55′′ SONY KD-55AG8BAEP,1.880,SI,IMAGEN Y SONIDO  
MONITOR TFT LED 28′′ LG 28TL510V-PZ,189,NO,INFORMÁTICA Y TELEFONÍA  
TELEVISOR LED 50′′ HISENSE H50B7100,319,NO,IMAGEN Y SONIDO  
TELEVISOR LED 65′′ HISENSE H65B7100,569,NO,IMAGEN Y SONIDO  
ENCIMERA VITROCERÁMICA DE INDUCCIÓN BALAY 3EB865ER,340,SI,GRAN ELECTRODOMÉSTICO  
TELEVISOR LED 65′′ SONY KD-65XG8596BAEP,1.230,SI,IMAGEN Y SONIDO  
MOLDEADOR ROWENTA CF3460F0 PREMIUM CARE PRECIOUS CURLS,42.90,SI,PEQUEÑO ELECTRODOMÉSTICO  
BARBERO BRAUN BT3222,39,NO,PEQUEÑO ELECTRODOMÉSTICO  
CORTAPELO BRAUN MGK3921,37.90,NO,PEQUEÑO ELECTRODOMÉSTICO  
TELÉFONO INALÁMBRICO SPC INTERNET 7300N AIR,15.90,NO,INFORMÁTICA Y TELEFONÍA  
CALENTADOR A GAS BOSCH THERM 2400S 11 ND31 GB,399,NO,GRAN ELECTRODOMÉSTICO  
CALENTADOR A GAS BOSCH THERM 5600S 12 D23 GN,499,NO,GRAN ELECTRODOMÉSTICO  
MÓVIL BÁSICO PANASONIC KX-TU110EXC,32.90,NO,INFORMÁTICA Y TELEFONÍA  
MÓVIL BÁSICO PANASONIC KX-TU110EXV,32.90,NO,INFORMÁTICA Y TELEFONÍA  
COCINA GAS – ELÉCTRICA BEKO FSE62110DW,270,NO,GRAN ELECTRODOMÉSTICO  
RELOJ ACTIVIDAD DEPORTIVA SUNSTECH FITLIFEHR BL,29.90,NO,INFORMÁTICA Y TELEFONÍA  
RELOJ ACTIVIDAD DEPORTIVA SUNSTECH FITLIFEHR RD,29.90,NO,INFORMÁTICA Y TELEFONÍA  
ASPIRADOR DE MANO BOSCH BHN14N,75,NO,PEQUEÑO ELECTRODOMÉSTICO  
CENTRO DENTAL BRAUN OC501,139,NO,PEQUEÑO ELECTRODOMÉSTICO  
HORNO SIN INSTALACIÓN JATA HN966,159,NO,GRAN ELECTRODOMÉSTICO  
PURIFICADOR DE AGUA BRITA FILTRO ON-TAP HF (1037406),23.90,NO,PEQUEÑO ELECTRODOMÉSTICO  
JARRA PURIFICADORA DE AGUA BRITA MARELLA AZUL + 3 FILTROS (1037509),25.90,NO,PEQUEÑO ELECTRODOMÉSTICO  
LIMPIEZA FREGADORAS KARCHER FC 3 SIN CABLE,249,NO,PEQUEÑO ELECTRODOMÉSTICO  
PURIFICADOR DE AGUA BRITA MY PURE P1 (1025434),129,NO,PEQUEÑO ELECTRODOMÉSTICO  
PURIFICADOR DE AGUA BRITA ON TAP (1037405),59,NO,PEQUEÑO ELECTRODOMÉSTICO  
CORTAPELO PHILIPS HC5630 15,45,NO,PEQUEÑO ELECTRODOMÉSTICO  
BARBERO PHILIPS BT3206 14,21.90,NO,PEQUEÑO ELECTRODOMÉSTICO  
AFEITADORA FACIAL PHILIPS S7930 16,169,NO,PEQUEÑO ELECTRODOMÉSTICO  
ACCESORIO CUIDADO PERSONAL BRAUN EB 30-3 TRIZONE,17.90,NO,PEQUEÑO ELECTRODOMÉSTICO  
CARTUCHO / TÓNER HEWLETT PACKARD 30A (CF230A),85,NO,INFORMÁTICA Y TELEFONÍA  
CARTUCHO / TÓNER HEWLETT PACKARD 55X (CE255X),299,NO,INFORMÁTICA Y TELEFONÍA  
CARTUCHO / TÓNER HEWLETT PACKARD 64X (CC364X),419,NO,INFORMÁTICA Y TELEFONÍA  
CARTUCHO / TÓNER HEWLETT PACKARD 83A (CF283A),89,NO,INFORMÁTICA Y TELEFONÍA  
CARTUCHO / TÓNER HEWLETT PACKARD 88 MAGENTA (C9387A),19.90,NO,INFORMÁTICA Y TELEFONÍA  
CARTUCHO / TÓNER HEWLETT PACKARD 88 NEGRO (C9385AE),24.90,NO,INFORMÁTICA Y TELEFONÍA  
CARTUCHO / TÓNER HEWLETT PACKARD 88 AMARILLO (C9388A),19.90,NO,INFORMÁTICA Y TELEFONÍA  
CARTUCHO / TÓNER HEWLETT PACKARD 88 NEGRO Y AMARILLO (C9381A),69,NO,INFORMÁTICA Y TELEFONÍA  
CARTUCHO / TÓNER HEWLETT PACKARD 951XL CIAN (CN046AE),39,NO,INFORMÁTICA Y TELEFONÍA  
CARTUCHO / TÓNER HEWLETT PACKARD 951XL AMARILLO (CN048AE),39,NO,INFORMÁTICA Y TELEFONÍA  
CARTUCHO / TÓNER HEWLETT PACKARD 950 NEGRO (CN049AE),35,NO,INFORMÁTICA Y TELEFONÍA  
CARTUCHO / TÓNER HEWLETT PACKARD 85A (CE285A),89,NO,INFORMÁTICA Y TELEFONÍA  
CARTUCHO / TÓNER HEWLETT PACKARD 951XL MAGENTA (CN047AE),39,NO,INFORMÁTICA Y TELEFONÍA  
CARTUCHO / TÓNER CANON CL-541 COLOR,26.90,NO,INFORMÁTICA Y TELEFONÍA  
CARTUCHO / TÓNER CANON PGI-570 PGBK,16.90,NO,INFORMÁTICA Y TELEFONÍA  
CARTUCHO / TÓNER EPSON C13T664140,11.90,NO,INFORMÁTICA Y TELEFONÍA  
CARGADOR PARA MÓVILES SAMSUNG EP-N5100TBEGWW,59,NO,INFORMÁTICA Y TELEFONÍA  
CARTUCHO / TÓNER EPSON C13T664240,11.90,NO,INFORMÁTICA Y TELEFONÍA  
CARTUCHO / TÓNER EPSON C13T664340,11.90,NO,INFORMÁTICA Y TELEFONÍA  
CARTUCHO / TÓNER EPSON C13T664440,11.90,NO,INFORMÁTICA Y TELEFONÍA  
CARTUCHO / TÓNER HEWLETT PACKARD 304 TRICOLOR (N9K05AE),14.90,NO,INFORMÁTICA Y TELEFONÍA  
CARTUCHO / TÓNER HEWLETT PACKARD 304 NEGRO (N9K06AE),14.90,NO,INFORMÁTICA Y TELEFONÍA  
CARTUCHO / TÓNER HEWLETT PACKARD 953XL AMARILLO (F6U18AE),39,NO,INFORMÁTICA Y TELEFONÍA  
CARTUCHO / TÓNER HEWLETT PACKARD 953XL CIAN (F6U16AE),39,NO,INFORMÁTICA Y TELEFONÍA  
CARTUCHO / TÓNER HEWLETT PACKARD 953XL NEGRO (L0S70AE),59,NO,INFORMÁTICA Y TELEFONÍA  
CARTUCHO / TÓNER HEWLETT PACKARD 953XL MAGENTA (F6U17AE),39,NO,INFORMÁTICA Y TELEFONÍA  
CARTUCHO / TÓNER EPSON C13T24224012,12.90,NO,INFORMÁTICA Y TELEFONÍA  
CARTUCHO / TÓNER CANON CL-546 COLOR,22.90,NO,INFORMÁTICA Y TELEFONÍA  
CARTUCHO / TÓNER CANON PG-540 NEGRO,22.90,NO,INFORMÁTICA Y TELEFONÍA  
CARTUCHO / TÓNER CANON PG-510 NEGRO,16.90,NO,INFORMÁTICA Y TELEFONÍA  
CARTUCHO / TÓNER BROTHER LC1000Y,12.90,NO,INFORMÁTICA Y TELEFONÍA  
CARTUCHO / TÓNER BROTHER LC1000M,12.90,NO,INFORMÁTICA Y TELEFONÍA  
CARTUCHO / TÓNER BROTHER LC1000C,12.90,NO,INFORMÁTICA Y TELEFONÍA  
CARTUCHO / TÓNER EPSON C13T24244010,11.90,NO,INFORMÁTICA Y TELEFONÍA  
ACCESORIO ASPIRACIÓN IROBOT 4501353,21.90,NO,PEQUEÑO ELECTRODOMÉSTICO  
ACCESORIO ASPIRACIÓN IROBOT XLIFE 4419696,89,NO,PEQUEÑO ELECTRODOMÉSTICO  
SOPORTE PARA TELEVISIÓN VIVANCO 33384 WF 3220,15.90,NO,IMAGEN Y SONIDO  
SOPORTE PARA TELEVISIÓN VIVANCO 33392 WM 3215,16.90,NO,IMAGEN Y SONIDO  
MASAJE ÍNTIMO SATISFYER PRO 2 NEXT GENERATION,39,NO,PEQUEÑO ELECTRODOMÉSTICO  
WEBCAM TRUST 17003 EXIS,19.90,NO,INFORMÁTICA Y TELEFONÍA  
PLANCHA DE VAPOR BOSCH TDA302801W,49,NO,PEQUEÑO ELECTRODOMÉSTICO  
AURICULARES DIADEMA PANASONIC RP-HF100ME-P,24.90,NO,IMAGEN Y SONIDO  
RADIO PORTÁTIL PANASONIC RF-3500E9-K,45,NO,IMAGEN Y SONIDO  
EXPRIMIDOR MOULINEX PC 300B,30.90,NO,PEQUEÑO ELECTRODOMÉSTICO  
FILTRO JARRA PURIFICADORA DE AGUA BRITA MAXTRA PACK 4 (1025373),26.90,NO,PEQUEÑO ELECTRODOMÉSTICO  
CAMPANA DECORATIVA DE PARED TEKA DCB 907 INOX,119,NO,GRAN ELECTRODOMÉSTICO  
CAMPANA DECORATIVA DE PARED TEKA DCB 707 INOX,99,NO,GRAN ELECTRODOMÉSTICO  
PURIFICADOR DE AGUA BRITA FILTRO ON TAP (1017177),24.90,NO,PEQUEÑO ELECTRODOMÉSTICO  
AIRE ACONDICIONADO PORTÁTIL MIDEA MPPD-09CRN1-QB6G1(J),359,NO,CLIMATIZACIÓN  
CAMPANA GRUPO FILTRANTE MEPAMSA SMART 52 INOX V3,109,NO,GRAN ELECTRODOMÉSTICO  
LICUADORA MOULINEX JU200045 VITAE BLANCA,52,NO,PEQUEÑO ELECTRODOMÉSTICO  
PICADORA MOULINEX A320R1 MOULINETTE 1.2.3,52,NO,PEQUEÑO ELECTRODOMÉSTICO  
HORNO ELÉCTRICO AEG BPS331120M,499,NO,GRAN ELECTRODOMÉSTICO  
ATRAPA MOSQUITOS JATA MIE3,25.90,SI,PEQUEÑO ELECTRODOMÉSTICO  
ASPIRADOR TRINEO ROWENTA RO3969EA COMPACT POWER,119,NO,PEQUEÑO ELECTRODOMÉSTICO  
RADIO PORTÁTIL SONY ICF-306,45,NO,IMAGEN Y SONIDO  
VENTILADOR TECHO ORBEGOZO CP 91120,139,NO,CLIMATIZACIÓN  
VENTILADOR TECHO ORBEGOZO CT 12105,88,NO,CLIMATIZACIÓN  
VENTILADOR TECHO ORBEGOZO CP 15076 B,68,NO,CLIMATIZACIÓN  
VENTILADOR TECHO ORBEGOZO CP 50120,138,NO,CLIMATIZACIÓN  
VENTILADOR TECHO ORBEGOZO CP 72120,145,NO,CLIMATIZACIÓN  
VENTILADOR TECHO ORBEGOZO CP 87132,185,NO,CLIMATIZACIÓN  
VENTILADOR TECHO ORBEGOZO CP 75120,155,NO,CLIMATIZACIÓN  
VENTILADOR SOBREMESA-PARED ORBEGOZO WF 0242,43.90,NO,CLIMATIZACIÓN  
VENTILADOR DE PARED ORBEGOZO WF 0139,35.90,NO,CLIMATIZACIÓN  
VENTILADOR SOBREMESA-PARED ORBEGOZO TM 1915,21.90,NO,CLIMATIZACIÓN  
VENTILADOR TECHO ORBEGOZO CP 15075 N,72,NO,CLIMATIZACIÓN  
AURICULARES BOTÓN PANASONIC RP-HS34E-K,12.90,NO,IMAGEN Y SONIDO  
AURICULARES BOTÓN PANASONIC RP-HS34E-W,12.90,NO,IMAGEN Y SONIDO  
AURICULARES CLIP-ON PANASONIC RP-HS34E-Y,12.90,NO,IMAGEN Y SONIDO  
AURICULARES DIADEMA PANASONIC RP-WF830E-K,69,NO,IMAGEN Y SONIDO  
ENCIMERA GAS BEKO HIZG 64101 SX,89,NO,GRAN ELECTRODOMÉSTICO  
BATIDORA MULTIFUNCIÓN BOSCH MFQ3030,35.90,NO,PEQUEÑO ELECTRODOMÉSTICO  
TERMO ELÉCTRICO COINTRA TL PLUS 80 V,199,NO,GRAN ELECTRODOMÉSTICO  
LICUADORA ORBEGOZO LI 5500,62,NO,PEQUEÑO ELECTRODOMÉSTICO  
MICROONDAS ORBEGOZO MIG 2033,129,NO,GRAN ELECTRODOMÉSTICO  
PLANCHA DE ASAR ORBEGOZO TB 2203,31.90,NO,PEQUEÑO ELECTRODOMÉSTICO  
CLIMATIZADOR ORBEGOZO AIR 45,109,NO,CLIMATIZACIÓN  
CLIMATIZADOR ORBEGOZO AIR 40,85,NO,CLIMATIZACIÓN  
VENTILADOR PIE ORBEGOZO PWS 0547,55,NO,CLIMATIZACIÓN  
VENTILADOR SOBREMESA-PARED ORBEGOZO TF 0123,22.90,NO,CLIMATIZACIÓN  
VENTILADOR TECHO ORBEGOZO CL 06132 M,68,NO,CLIMATIZACIÓN  
VENTILADOR TECHO ORBEGOZO CL 08132 B,68,NO,CLIMATIZACIÓN  
VENTILADOR PIE ORBEGOZO SF 0147,29,NO,CLIMATIZACIÓN  
VENTILADOR TECHO ORBEGOZO CP 53132 A,189,NO,CLIMATIZACIÓN  
AURICULARES BOTÓN PANASONIC RP-TCM115E-A,10.90,NO,IMAGEN Y SONIDO  
AURICULARES BOTÓN PANASONIC RP-TCM115E-K,10.90,NO,IMAGEN Y SONIDO  
AURICULARES BOTÓN PANASONIC RP-TCM115E-P,10.90,NO,IMAGEN Y SONIDO  
AURICULARES BOTÓN PANASONIC RP-TCM115E-W,10.90,NO,IMAGEN Y SONIDO  
SECADORA CARGA FRONTAL BOSCH WTR85V90ES,599,NO,GRAN ELECTRODOMÉSTICO  
BÁSCULA DE BAÑO ORBEGOZO PB 2010,9.50,NO,PEQUEÑO ELECTRODOMÉSTICO  
TABLA DE PLANCHADO ORBEGOZO TP 1000,21.90,NO,PEQUEÑO ELECTRODOMÉSTICO  
SANDWICHERA ORBEGOZO SW 7550,32.90,NO,PEQUEÑO ELECTRODOMÉSTICO  
MICROONDAS ORBEGOZO MIG 2031,72,NO,GRAN ELECTRODOMÉSTICO  
TOSTADOR ORBEGOZO TO 4012,20.90,NO,PEQUEÑO ELECTRODOMÉSTICO  
EQUIPO HIFI MICRO PANASONIC SC-HC200EG-K,109,NO,IMAGEN Y SONIDO  
MICROONDAS ORBEGOZO MIG 2550,95,NO,GRAN ELECTRODOMÉSTICO  
TELÉFONO INALÁMBRICO PANASONIC KX-TGC210SPS,26.90,NO,INFORMÁTICA Y TELEFONÍA  
TELÉFONO INALÁMBRICO PANASONIC KX-TGC210SPB,26.90,NO,INFORMÁTICA Y TELEFONÍA  
TELÉFONO INALÁMBRICO PANASONIC KX-TGC210SPW,26.90,NO,INFORMÁTICA Y TELEFONÍA  
TELÉFONO INALÁMBRICO PANASONIC KX-TGC212SPS DUO,49,NO,INFORMÁTICA Y TELEFONÍA  
AURICULARES BOTÓN PANASONIC RP-HV094E-K,4.50,NO,IMAGEN Y SONIDO  
MICROONDAS BALAY 3CG5172B0,239,NO,GRAN ELECTRODOMÉSTICO  
TABLET SAMSUNG GALAXY TAB A (10.1) 32 GB SM-T510NZKDPHE,199,NO,INFORMÁTICA Y TELEFONÍA  
TABLET SAMSUNG GALAXY TAB A (10.1) 32 GB SM-T515NZKEPHE,259,NO,INFORMÁTICA Y TELEFONÍA  
TABLET SAMSUNG GALAXY TAB A (10.1) 32 GB SM-T510NZSDPHE,199,NO,INFORMÁTICA Y TELEFONÍA  
TELEVISOR QLED 65′′ SAMSUNG QE65Q80RATXXC,1.499,NO,IMAGEN Y SONIDO  
VENTILADOR BOX FAN ORBEGOZO BF 0138,25,NO,CLIMATIZACIÓN  
TELEVISOR LED 55′′ SONY KD55XG8096BAEP,649,NO,IMAGEN Y SONIDO  
AIRE ACONDICIONADO PORTÁTIL HISENSE APC12,369,NO,CLIMATIZACIÓN  
VENTILADOR TECHO ORBEGOZO CP 25132 B,105,NO,CLIMATIZACIÓN  
VENTILADOR SOBREMESA-PARED ORBEGOZO PW 1019,13.90,NO,CLIMATIZACIÓN  
VENTILADOR TECHO ORBEGOZO CP 82132,129,NO,CLIMATIZACIÓN  
VENTILADOR PIE TAURUS BERGEN 16CR,53.90,NO,CLIMATIZACIÓN  
VENTILADOR INDUSTRIAL ORBEGOZO PW 1230,35,NO,CLIMATIZACIÓN  
VENTILADOR PIE ORBEGOZO SF 3347,33.90,NO,CLIMATIZACIÓN  
AURICULARES DIADEMA PANASONIC RP-HF410BE-K,49,NO,IMAGEN Y SONIDO  
AURICULARES DIADEMA PANASONIC RP-HF410BE-R,59,NO,IMAGEN Y SONIDO  
AURICULARES DIADEMA PANASONIC RP-HF410BE-W,49,NO,IMAGEN Y SONIDO  
AURICULARES DIADEMA PANASONIC RP-HF410BE-A,49,NO,IMAGEN Y SONIDO  
AIRE ACONDICIONADO PORTÁTIL MIDEA MPPDB-12HRN7-QB6G1,449,NO,CLIMATIZACIÓN  
ALTAVOZ PORTÁTIL SONY SRS-XB12G,59,NO,IMAGEN Y SONIDO  
ALTAVOZ PORTÁTIL SONY SRS-XB12L,59,NO,IMAGEN Y SONIDO  
ALTAVOZ PORTÁTIL SONY SRS-XB12H,59,NO,IMAGEN Y SONIDO  
ALTAVOZ PORTÁTIL SONY SRS-XB12R,59,NO,IMAGEN Y SONIDO  
ALTAVOZ PORTÁTIL SONY SRS-XB12V,59,NO,IMAGEN Y SONIDO  
TELEVISOR LED 65′′ PHILIPS 65PUS7304 12,849,NO,IMAGEN Y SONIDO  
MONITOR TFT LED 28′′ LG 28TL510S-WZ,199,NO,INFORMÁTICA Y TELEFONÍA  
CENTRO DE PLANCHADO BOSCH TDS4050,159,NO,PEQUEÑO ELECTRODOMÉSTICO  
SISTEMA HOME CINEMA BARRA DE SONIDO SAMSUNG HW-N400 ZF,119,NO,IMAGEN Y SONIDO  
MICROONDAS ORBEGOZO MI 2115,62,NO,GRAN ELECTRODOMÉSTICO  
SECADORA CARGA FRONTAL BEKO DB 7111 PA0,349,NO,GRAN ELECTRODOMÉSTICO  
AURICULARES DIADEMA PANASONIC RP-HT090E-H,14.90,NO,IMAGEN Y SONIDO  
TERMO ELÉCTRICO COINTRA ARAL TB PLUS 100,179,NO,GRAN ELECTRODOMÉSTICO  
TERMO ELÉCTRICO COINTRA ARAL TB PLUS 80,169,NO,GRAN ELECTRODOMÉSTICO  
FILTRO JARRA PURIFICADORA DE AGUA BRITA MAXTRA+ PACK 5+1 (1031185),31.90,NO,PEQUEÑO ELECTRODOMÉSTICO  
CARTUCHO / TÓNER HEWLETT PACKARD 302 NEGRO (F6U66AE),19.90,NO,INFORMÁTICA Y TELEFONÍA  
CARTUCHO / TÓNER HEWLETT PACKARD 302 TRICOLOR (F6U65AE),22.90,NO,INFORMÁTICA Y TELEFONÍA  
CARGADOR USB CELLY TCMICRO,12.90,NO,INFORMÁTICA Y TELEFONÍA  
AURICULARES DIADEMA SONY MDRRF811RK,69,NO,IMAGEN Y SONIDO  
RADIO PORTÁTIL SUNSTECH RPR3000,29.90,NO,IMAGEN Y SONIDO  
ALTAVOZ PORTÁTIL SUNSTECH MASSIVE-S2BK,79,NO,IMAGEN Y SONIDO  
AFEITADORA FACIAL PHILIPS QP6510 20,59,NO,PEQUEÑO ELECTRODOMÉSTICO  
PLANCHA DE ASAR JATA GR555A,49,NO,PEQUEÑO ELECTRODOMÉSTICO  
PLANCHA DE PELO ROWENTA SF4522E0 LISS & CURL,44.90,NO,PEQUEÑO ELECTRODOMÉSTICO  
SECADOR ROWENTA CV5022F0 ELITE POWERLINE + 2200,28.90,NO,PEQUEÑO ELECTRODOMÉSTICO  
LICUADORA JATA LI585,39,NO,PEQUEÑO ELECTRODOMÉSTICO  
PLANCHA DE PELO PHILIPS HP8321 00,21.90,NO,PEQUEÑO ELECTRODOMÉSTICO  
FREIDORA TAURUS PROFESSIONAL 2,39.90,NO,PEQUEÑO ELECTRODOMÉSTICO  
ENCIMERA VITROCERÁMICA ELÉCTRICA BOSCH PKK631B18E,299,NO,GRAN ELECTRODOMÉSTICO  
BÁSCULA DE BAÑO JATA 577,33.90,NO,PEQUEÑO ELECTRODOMÉSTICO  
SECADOR BRAUN HD585,46.90,NO,PEQUEÑO ELECTRODOMÉSTICO  
CEPILLO DE PELO ROWENTA CF5712F0 INSTANT STRAIGHT,34.90,NO,PEQUEÑO ELECTRODOMÉSTICO  
CENTRO DE PLANCHADO BRAUN IS 3022 WH,189,NO,PEQUEÑO ELECTRODOMÉSTICO  
VENTILADOR COLUMNA ORBEGOZO TWM 1009,89,NO,CLIMATIZACIÓN  
VENTILADOR SOBREMESA-PARED SYP ARTIC 305 N GR,30.90,NO,CLIMATIZACIÓN  
VENTILADOR BOX FAN SYP METEOR-ES N,34.90,NO,CLIMATIZACIÓN  
VENTILADOR SOBREMESA-PARED SYP ARTIC 405 N GR,34.90,NO,CLIMATIZACIÓN  
MOLDEADOR ROWENTA CF4512F0 FASHION STYLIST 3 EN 1,52,NO,PEQUEÑO ELECTRODOMÉSTICO  
VENTILADOR COLUMNA SYP ARTIC TOWER M,52,NO,CLIMATIZACIÓN  
HORNO ELÉCTRICO BALAY 3HB4331X0,379,NO,GRAN ELECTRODOMÉSTICO  
HORNO ELÉCTRICO BALAY 3HB4841X1,529,NO,GRAN ELECTRODOMÉSTICO  
ENCIMERA GAS BALAY 3ETG663HB,359,NO,GRAN ELECTRODOMÉSTICO  
CAMPANA CONVENCIONAL MEPAMSA MODENA 60 INOX,139,NO,GRAN ELECTRODOMÉSTICO  
TOSTADOR MOULINEX A15453 MULTIPAN ON OFF,30.90,NO,PEQUEÑO ELECTRODOMÉSTICO  
CAMPANA TELESCÓPICA MEPAMSA SUPERLINE 60 INOX V2,149,NO,GRAN ELECTRODOMÉSTICO  
VENTILADOR COLUMNA ORBEGOZO TW 0750,37.90,NO,CLIMATIZACIÓN  
VENTILADOR SOBREMESA-PARED ORBEGOZO TF 0133,25.90,NO,CLIMATIZACIÓN  
VENTILADOR SOBREMESA-PARED ORBEGOZO TF 0143,30.90,NO,CLIMATIZACIÓN  
VENTILADOR PIE ORBEGOZO SF 0148,30.90,NO,CLIMATIZACIÓN  
CORTAPELO ROWENTA TN1410F0 NOMAD,26.90,NO,PEQUEÑO ELECTRODOMÉSTICO  
CORTAPELO ROWENTA TN9130F0 TRIM & STYLE,55,NO,PEQUEÑO ELECTRODOMÉSTICO  
PLANCHA DE VAPOR ROWENTA DW5225D1 FOCUS EXCEL,69,NO,PEQUEÑO ELECTRODOMÉSTICO  
VENTILADOR DE PARED SYP ARTIC 405 PM GR,54.90,NO,CLIMATIZACIÓN  
SECADOR SOLAC SP7151 EXPERT 2200,26.90,NO,PEQUEÑO ELECTRODOMÉSTICO  
CAFETERA EXPRESSO SOLAC CE4480,95,NO,PEQUEÑO ELECTRODOMÉSTICO  
BATIDORA DE VARILLA TAURUS ROBOT 600 PLUS INOX,32.90,NO,PEQUEÑO ELECTRODOMÉSTICO  
CENTRO DE PLANCHADO ROWENTA IS8460D1 PRO STYLE CARE,179,NO,PEQUEÑO ELECTRODOMÉSTICO  
TERMO ELÉCTRICO TEKA EWH 80 VE-D,189,NO,GRAN ELECTRODOMÉSTICO  
HORNO ELÉCTRICO BALAY 3HB5848B0,599,NO,GRAN ELECTRODOMÉSTICO  
HORNO ELÉCTRICO BALAY 3HB4331B0,369,NO,GRAN ELECTRODOMÉSTICO  
BATIDORA DE VARILLA MOULINEX DD655D10 QUICKCHEF,49,NO,PEQUEÑO ELECTRODOMÉSTICO  
CAMPANA CONVENCIONAL MEPAMSA MODENA 60 NEGRA,119,NO,GRAN ELECTRODOMÉSTICO  
SANDWICHERA ORBEGOZO SW 5000,19,NO,PEQUEÑO ELECTRODOMÉSTICO  
TOSTADOR ORBEGOZO TO 1010,16.90,NO,PEQUEÑO ELECTRODOMÉSTICO  
TERMO ELÉCTRICO COINTRA TL PLUS 50 S,179,NO,GRAN ELECTRODOMÉSTICO  
DVD REPRODUCTOR LG DP542H,45,NO,IMAGEN Y SONIDO  
DEPILADORA ELÉCTRICA BRAUN FACE 810,65,NO,PEQUEÑO ELECTRODOMÉSTICO  
MOLDEADOR ROWENTA CF7812F0 CEPILLO DE AIRE CALIENTE,39,NO,PEQUEÑO ELECTRODOMÉSTICO  
CENTRO DE PLANCHADO ROWENTA DG8626F0 PERFECT STEAM PRO,249,NO,PEQUEÑO ELECTRODOMÉSTICO  
CORTAPELO ROWENTA TN8940F0 MULTISTYLE 8 EN 1,36.90,NO,PEQUEÑO ELECTRODOMÉSTICO  
CENTRO DE PLANCHADO ROWENTA DG9222F0 SILENCE STEAM PRO,299,NO,PEQUEÑO ELECTRODOMÉSTICO  
AURICULARES BOTÓN SUNSTECH WAVEPODSBYZ,25.90,NO,IMAGEN Y SONIDO  
TOSTADOR JATA TT1043,35,NO,PEQUEÑO ELECTRODOMÉSTICO  
LAVAVAJILLAS BEKO DFN 16420 X,359,NO,GRAN ELECTRODOMÉSTICO  
LAVAVAJILLAS BEKO DFN 16420 W,349,NO,GRAN ELECTRODOMÉSTICO  
ATRAPA MOSQUITOS JATA MT12N,21.90,SI,PEQUEÑO ELECTRODOMÉSTICO  
SMARTPHONE SAMSUNG GALAXY A20e CORAL (SM-A202FZODPHE),159,NO,INFORMÁTICA Y TELEFONÍA  
SMARTPHONE SAMSUNG GALAXY A20e NEGRO (SM-A202FZKDPHE),159,NO,INFORMÁTICA Y TELEFONÍA  
SMARTPHONE SAMSUNG GALAXY A20e AZUL (SM-A202FZBDPHE),159,NO,INFORMÁTICA Y TELEFONÍA  
VENTILADOR INDUSTRIAL SYP TURBO 355 N,69,NO,CLIMATIZACIÓN  
VENTILADOR PIE ORBEGOZO SF 0244,43.90,NO,CLIMATIZACIÓN  
CENTRO DE PLANCHADO UFESA PL2410,69,NO,PEQUEÑO ELECTRODOMÉSTICO  
CAFETERA DE GOTEO UFESA CG7232 AVANTIS OPTIMA,31.90,NO,PEQUEÑO ELECTRODOMÉSTICO  
CAFETERA EXPRESSO UFESA CE7141 DUETTO CREME,99,NO,PEQUEÑO ELECTRODOMÉSTICO  
CENTRO DE PLANCHADO ROWENTA VR8223F0 POWERSTEAM,139,NO,PEQUEÑO ELECTRODOMÉSTICO  
RELOJ SMARTWATCH XIAOMI AMAZFIT GTS NEGRO,119,NO,INFORMÁTICA Y TELEFONÍA  
SISTEMA HOME CINEMA BARRA DE SONIDO LG SJ3,159,NO,IMAGEN Y SONIDO  
ASPIRADOR ESCOBA ROWENTA RH9172WO AIR FORCE SERENITY LED,189,NO,PEQUEÑO ELECTRODOMÉSTICO  
TELEVISOR LED 32′′ SUNSTECH 32SUNZ2TS,129,NO,IMAGEN Y SONIDO  
SECADOR SOLAC SP7080 IONIC PERFECT LISSE 2200,33.90,NO,PEQUEÑO ELECTRODOMÉSTICO  
ASPIRADOR ESCOBA ROWENTA RH7324WO X-PERT ESSENTIAL 260,229,NO,PEQUEÑO ELECTRODOMÉSTICO  
TELEVISOR LED 75′′ SONY KD-75XG8096BAEP,1.359,NO,IMAGEN Y SONIDO  
CAMPANA TELESCÓPICA MEPAMSA SLIMLINE 60 INOX,89,NO,GRAN ELECTRODOMÉSTICO  
SMARTPHONE SAMSUNG GALAXY A51 AZUL (SM-A515FZBVEUB),299,NO,INFORMÁTICA Y TELEFONÍA  
SMARTPHONE SAMSUNG GALAXY A51 BLANCO (SM-A515FZWVEUB),299,NO,INFORMÁTICA Y TELEFONÍA  
SMARTPHONE SAMSUNG GALAXY A51 NEGRO (SM-A515FZKVEUB),299,NO,INFORMÁTICA Y TELEFONÍA  
MICROONDAS BALAY 3WMX1918,159,NO,GRAN ELECTRODOMÉSTICO  
PLANCHA DE ASAR JATA GR594,52,NO,PEQUEÑO ELECTRODOMÉSTICO  
TOSTADOR JATA TT579,25.90,NO,PEQUEÑO ELECTRODOMÉSTICO  
HORNO SIN INSTALACIÓN JATA HN936,109,NO,GRAN ELECTRODOMÉSTICO  
BATIDORA DE VASO JATA BT1041,62,NO,PEQUEÑO ELECTRODOMÉSTICO  
MOLINILLO ORBEGOZO MO 3200,14.90,NO,PEQUEÑO ELECTRODOMÉSTICO  
LIMPIADOR DE VAPOR SOLAC LV1301 STEAM JET 2.0,36.90,NO,PEQUEÑO ELECTRODOMÉSTICO  
SMARTPHONE SAMSUNG GALAXY A71 AZUL (SM-A715FZBUPHE),399,NO,INFORMÁTICA Y TELEFONÍA  
SMARTPHONE SAMSUNG GALAXY A71 NEGRO (SM-A715FZKUPHE),399,NO,INFORMÁTICA Y TELEFONÍA  
SMARTPHONE SAMSUNG GALAXY A71 PLATA (SM-A715FZSUPHE),399,NO,INFORMÁTICA Y TELEFONÍA  
BATIDORA DE VASO JATA BT797,45,NO,PEQUEÑO ELECTRODOMÉSTICO  
SMARTPHONE SAMSUNG GALAXY S20 ULTRA NEGRO (SM-G988BZKDEUB),1.199,NO,INFORMÁTICA Y TELEFONÍA  
AFEITADORA FACIAL PHILIPS S3231 52,65,NO,PEQUEÑO ELECTRODOMÉSTICO  
LAVADORA CARGA FRONTAL SIEMENS WM14N290ES,539,NO,GRAN ELECTRODOMÉSTICO  
LAVADORA CARGA FRONTAL BOSCH WAN24265ES,479,NO,GRAN ELECTRODOMÉSTICO  
AURICULARES BOTÓN SONY WI-C200B,35,NO,IMAGEN Y SONIDO  
AURICULARES BOTÓN SONY WI-C200W,35,NO,IMAGEN Y SONIDO  
LAVADORA CARGA FRONTAL BALAY 3TS982BD,559,NO,GRAN ELECTRODOMÉSTICO  
AFEITADORA FACIAL PHILIPS S5110 06,75,NO,PEQUEÑO ELECTRODOMÉSTICO  
TOSTADOR BOSCH TAT3A001,45,NO,PEQUEÑO ELECTRODOMÉSTICO  
BATIDORA MULTIFUNCIÓN PHILIPS HR3740 00,31.90,NO,PEQUEÑO ELECTRODOMÉSTICO  
CAMPANA CONVENCIONAL MEPAMSA MITO JET 60 GR,199,NO,GRAN ELECTRODOMÉSTICO  
TOSTADOR BOSCH TAT3A004,45,NO,PEQUEÑO ELECTRODOMÉSTICO  
EXPRIMIDOR PHILIPS HR2738 00,16.90,NO,PEQUEÑO ELECTRODOMÉSTICO  
ALTAVOZ PORTÁTIL SUNSTECH SPUBT900BK,29.90,NO,IMAGEN Y SONIDO  
DRON PARROT AIRBORNE CARGO MARS,49,NO,INFORMÁTICA Y TELEFONÍA  
DRON PARROT AIRBORNE CARGO TRAVIS,49,NO,INFORMÁTICA Y TELEFONÍA  
CAMPANA DECORATIVA DE PARED MEPAMSA GAVIA 60 INOX,149,NO,GRAN ELECTRODOMÉSTICO  
LAVAVAJILLAS BALAY 3VN303BA,439,NO,GRAN ELECTRODOMÉSTICO  
ENCIMERA VITROCERÁMICA ELÉCTRICA BALAY 3EB715LR,269,NO,GRAN ELECTRODOMÉSTICO  
COCINA GAS BEKO CSG 42009 DW,229,NO,GRAN ELECTRODOMÉSTICO  
ASPIRADOR TRINEO BOSCH BGL3A212A,139,NO,PEQUEÑO ELECTRODOMÉSTICO  
TERMO ELÉCTRICO BOSCH TRONIC 2000T ES 050 6 BO M1X-KNWVB,159,NO,GRAN ELECTRODOMÉSTICO  
TERMO ELÉCTRICO BOSCH TRONIC 2000T ES 080 6 BO M1X-KNWVB,179,NO,GRAN ELECTRODOMÉSTICO  
TERMO ELÉCTRICO BOSCH TRONIC 2000T SLIM ES 050 6 BO M1S- KNWVB,169,NO,GRAN ELECTRODOMÉSTICO  
CAMPANA CONVENCIONAL MEPAMSA MITO JET 60 N,199,NO,GRAN ELECTRODOMÉSTICO  
PLANCHA DE VAPOR PHILIPS GC2992 70,45,NO,PEQUEÑO ELECTRODOMÉSTICO  
TOSTADOR PHILIPS HD2581 00,23.90,NO,PEQUEÑO ELECTRODOMÉSTICO  
SECADORA CARGA FRONTAL BEKO DHS 8412 PA0,439,NO,GRAN ELECTRODOMÉSTICO  
ENCIMERA VITROCERÁMICA ELÉCTRICA SIEMENS ET631BK17E,269,NO,GRAN ELECTRODOMÉSTICO  
ENCIMERA VITROCERÁMICA DE INDUCCIÓN ELECTROLUX LIT60336,429,NO,GRAN ELECTRODOMÉSTICO  
LAVAVAJILLAS BEKO DFS05013W,319,NO,GRAN ELECTRODOMÉSTICO  
ALMOHADILLA ELÉCTRICA CERVICAL DAGA FLEXY-HEAT NC COMPLEX,42,NO,PEQUEÑO ELECTRODOMÉSTICO  
HORNO ELÉCTRICO SIEMENS HB514AER0,369,NO,GRAN ELECTRODOMÉSTICO  
HORNO ELÉCTRICO TEKA HSB 617 INOX,269,NO,GRAN ELECTRODOMÉSTICO  
ALMOHADILLA ELÉCTRICA LUMBAR DAGA FLEXY-HEAT LM COMPLEX,42,NO,PEQUEÑO ELECTRODOMÉSTICO  
ALMOHADILLA ELÉCTRICA NORMAL DAGA N2,47,NO,PEQUEÑO ELECTRODOMÉSTICO  
RADIADOR DE ACEITE DELONGHI DRAGON4 TRD4 1025,159,NO,CLIMATIZACIÓN  
BRASERO ORBEGOZO BR 50,20.90,NO,CLIMATIZACIÓN  
CALEFACTOR TERMOVENTILADOR ORBEGOZO FH 5021,29,NO,CLIMATIZACIÓN  
CALEFACTOR CERÁMICO ORBEGOZO CR 5017,24.90,NO,CLIMATIZACIÓN  
EMISORES TÉRMICOS ORBEGOZO RRE 1810,199,NO,CLIMATIZACIÓN  
EMISORES TÉRMICOS ORBEGOZO RRM 810,115,NO,CLIMATIZACIÓN  
DESHUMIDIFICADOR ORBEGOZO DH 1037,159,NO,CLIMATIZACIÓN  
DESHUMIDIFICADOR ORBEGOZO DH 600,95,NO,CLIMATIZACIÓN  
EMISORES TÉRMICOS ORBEGOZO RRM 1010,125,NO,CLIMATIZACIÓN  
EMISORES TÉRMICOS ORBEGOZO RRE 1310,145,NO,CLIMATIZACIÓN  
EMISORES TÉRMICOS ORBEGOZO RRE 1510,165,NO,CLIMATIZACIÓN  
EMISORES TÉRMICOS ORBEGOZO REH 1000,72,NO,CLIMATIZACIÓN  
RADIADOR DE ACEITE ORBEGOZO RO 710 C,30.90,NO,CLIMATIZACIÓN  
PURIFICADOR SYP AIRPUR-N,159,NO,CLIMATIZACIÓN  
DESHUMIDIFICADOR SYP DHUM-12 E,255,NO,CLIMATIZACIÓN  
DESHUMIDIFICADOR SYP DHUM-16 E,289,NO,CLIMATIZACIÓN  
RADIADOR DE ACEITE SYP SAHARA-1503,69,NO,CLIMATIZACIÓN  
CALEFACTOR CERÁMICO SYP TOWER-2000 PTC,109,NO,CLIMATIZACIÓN  
CALEFACTOR CONVECTOR SYP TLS-503 T,69,NO,CLIMATIZACIÓN  
CALEFACTOR CONVECTOR SYP TLS-501,59,NO,CLIMATIZACIÓN  
CALEFACTOR TERMOVENTILADOR SYP TL-10 N,32.90,NO,CLIMATIZACIÓN  
CALEFACTOR TERMOVENTILADOR SYP TL-29,41.90,NO,CLIMATIZACIÓN  
CALEFACTOR TERMOVENTILADOR SYP TL-32,45,NO,CLIMATIZACIÓN  
CALEFACTOR CERÁMICO SYP TL-18 PTC,49,NO,CLIMATIZACIÓN  
CALEFACTOR CERÁMICO ORBEGOZO CR 5036,39,NO,CLIMATIZACIÓN  
LAVADORA CARGA SUPERIOR WHIRLPOOL AWE 2240,349,NO,GRAN ELECTRODOMÉSTICO  
HORNO ELÉCTRICO BEKO BIE22302XD,249,NO,GRAN ELECTRODOMÉSTICO  
ASPIRADOR SIN BOLSA BOSCH BGC05AAA1,119,NO,PEQUEÑO ELECTRODOMÉSTICO  
ASPIRADOR TRINEO BOSCH BGL3HYG,149,NO,PEQUEÑO ELECTRODOMÉSTICO  
BATIDORA MULTIFUNCIÓN BOSCH MFQ40304,59,NO,PEQUEÑO ELECTRODOMÉSTICO  
SECADORA CARGA FRONTAL BEKO DHS 8312 PA0,419,NO,GRAN ELECTRODOMÉSTICO  
TOALLERO ORBEGOZO TH 8002,40.90,NO,PEQUEÑO ELECTRODOMÉSTICO  
MICROONDAS TEKA MG 207 WS,79,NO,GRAN ELECTRODOMÉSTICO  
LAVADORA CARGA FRONTAL ELECTROLUX EW6F4923EB,499,NO,GRAN ELECTRODOMÉSTICO  
ASPIRADOR ROBOT IROBOT ROOMBA e5,319,NO,PEQUEÑO ELECTRODOMÉSTICO  
ASPIRADOR ESCOBA BOSCH BBH32551,205,NO,PEQUEÑO ELECTRODOMÉSTICO  
LAVADORA CARGA FRONTAL LG F4WV508S0,529,NO,GRAN ELECTRODOMÉSTICO  
ESTUFA A GAS DE LLAMA AZUL ORBEGOZO HBF 100,145,NO,CLIMATIZACIÓN  
LAVAVAJILLAS BEKO DFN05321W,289,NO,GRAN ELECTRODOMÉSTICO  
ENCIMERA GAS BEKO HISW 63222 SO,159,NO,GRAN ELECTRODOMÉSTICO  
SECADORA CARGA FRONTAL BEKO DHA 8512 RX,549,NO,GRAN ELECTRODOMÉSTICO  
PLANCHA DE VAPOR ROWENTA DR7000D1 ACCESS STEAM MINUTE AZUL,59,NO,PEQUEÑO ELECTRODOMÉSTICO  
CAFETERA DE CÁPSULAS BOSCH TASSIMO VIVY 2 TAS1402,29,NO,PEQUEÑO ELECTRODOMÉSTICO  
SECADORA CARGA FRONTAL BALAY 3SB286B,529,NO,GRAN ELECTRODOMÉSTICO  
AURICULARES DIADEMA SONY WH-CH510B,39,NO,IMAGEN Y SONIDO  
AURICULARES DIADEMA SONY WH-CH510L,39,NO,IMAGEN Y SONIDO  
LAVADORA CARGA FRONTAL WHIRLPOOL FFB 9448 BV SP,439,NO,GRAN ELECTRODOMÉSTICO  
TELEVISOR LED 50′′ PHILIPS 50PUS7555 12,459,NO,IMAGEN Y SONIDO  
LAVADORA CARGA FRONTAL BEKO WRV 6611 BWR,289,NO,GRAN ELECTRODOMÉSTICO  
LAVAVAJILLAS BALAY 3VS522BA,459,NO,GRAN ELECTRODOMÉSTICO  
LAVAVAJILLAS BALAY 3VS522IA,539,NO,GRAN ELECTRODOMÉSTICO  
TELEVISOR LED 55′′ LG 55UN80006LA,599,NO,IMAGEN Y SONIDO  
TELEVISOR LED 65′′ LG 65UN80006LA,799,NO,IMAGEN Y SONIDO  
LAVADORA CARGA SUPERIOR WHIRLPOOL TDLR 70210,399,NO,GRAN ELECTRODOMÉSTICO  
LAVADORA CARGA FRONTAL BEKO WRA 7613 BWR,329,NO,GRAN ELECTRODOMÉSTICO  
LAVADORA – SECADORA CARGA FRONTAL LG F4DN4009S0W,679,NO,GRAN ELECTRODOMÉSTICO  
LAVADORA CARGA FRONTAL LG F4WT409AIDD,499,NO,GRAN ELECTRODOMÉSTICO  
LAVADORA CARGA FRONTAL BOSCH WUU28T60ES,449,NO,GRAN ELECTRODOMÉSTICO  
LAVADORA CARGA FRONTAL BOSCH WAU28S40ES,629,NO,GRAN ELECTRODOMÉSTICO  
LAVADORA CARGA FRONTAL BALAY 3TS972B,449,NO,GRAN ELECTRODOMÉSTICO  
PURIFICADOR MIDEA PURE AIR BOOST EU-KJ700G-H32,799,NO,CLIMATIZACIÓN  
PURIFICADOR MIDEA PURE AIR HOME KJ350G-S1,279,NO,CLIMATIZACIÓN  
SMARTPHONE XIAOMI REDMI NOTE 9 PRO 6-128 GB GRIS INTEREST.,279,NO,INFORMÁTICA Y TELEFONÍA  
TELEVISOR LED 32′′ PHILIPS 32PFS6855 12,269,NO,IMAGEN Y SONIDO  
SMARTPHONE XIAOMI REDMI NOTE 9 PRO 6-128 GB VERDE TROPICAL,279,NO,INFORMÁTICA Y TELEFONÍA  
SECADORA CARGA FRONTAL SIEMENS WT47G439ES,729,NO,GRAN ELECTRODOMÉSTICO  
TERMO ELÉCTRICO EDESA ONE 100 L,159,NO,GRAN ELECTRODOMÉSTICO  
TERMO ELÉCTRICO EDESA ONE 50 L,139,NO,GRAN ELECTRODOMÉSTICO  
TERMO ELÉCTRICO EDESA ONE 80 L,149,NO,GRAN ELECTRODOMÉSTICO  
SMARTPHONE WIKO Y60 ANTRACITA AZUL,69.90,NO,INFORMÁTICA Y TELEFONÍA  
BATIDORA MULTIFUNCIÓN BRAUN HM 3100 WH,55,SI,PEQUEÑO ELECTRODOMÉSTICO  
BATIDORA DE VASO BRAUN JB 3060 WH (2018),75,SI,PEQUEÑO ELECTRODOMÉSTICO  
ENCIMERA VITROCERÁMICA ELÉCTRICA TEKA TZ 6317,239,NO,GRAN ELECTRODOMÉSTICO  
ALMOHADILLA ELÉCTRICA NORMAL DAGA FLEXYHEAT COLORS,29.90,NO,PEQUEÑO ELECTRODOMÉSTICO  
CAMPANA DECORATIVA DE PARED MEPAMSA GAVIA 70 INOX,159,NO,GRAN ELECTRODOMÉSTICO  
ALMOHADILLA ELÉCTRICA NORMAL DAGA FLEXYHEAT COLORS 2,33.90,NO,PEQUEÑO ELECTRODOMÉSTICO  
LAVAVAJILLAS BALAY 3VS572BP,499,NO,GRAN ELECTRODOMÉSTICO  
LAVAVAJILLAS ELECTROLUX ESF5534LOW,429,NO,GRAN ELECTRODOMÉSTICO  
CAMPANA TELESCÓPICA TEKA CNL 6415 INOX,159,NO,GRAN ELECTRODOMÉSTICO  
CAMPANA TELESCÓPICA TEKA TL 6310 INOX,89,NO,GRAN ELECTRODOMÉSTICO  
LAVAVAJILLAS BEKO DFS28021X,369,NO,GRAN ELECTRODOMÉSTICO  
RADIADOR DE MICA JATA RD227B,85,NO,CLIMATIZACIÓN  
RADIADOR DE MICA JATA RD227N,85,NO,CLIMATIZACIÓN  
CALEFACTOR TERMOVENTILADOR ORBEGOZO FH 5034,17.90,NO,CLIMATIZACIÓN  
EMISORES TÉRMICOS JATA DKX2000P,149,NO,CLIMATIZACIÓN  
CALIENTA CAMAS DAGA FLEXY-HEAT CIN PROTECT,79,NO,PEQUEÑO ELECTRODOMÉSTICO  
CALIENTA CAMAS DAGA FLEXY-HEAT CMN PROTECT,119,NO,PEQUEÑO ELECTRODOMÉSTICO  
MANTA ELÉCTRICA DAGA SOFTY FLEECE,59.90,NO,PEQUEÑO ELECTRODOMÉSTICO  
ALMOHADILLA ELÉCTRICA DORSAL DAGA FLEXY-HEAT NCD COMPLEX,42,NO,PEQUEÑO ELECTRODOMÉSTICO  
ALMOHADILLA ELÉCTRICA NORMAL DAGA N,39.90,NO,PEQUEÑO ELECTRODOMÉSTICO  
CALIENTA CAMAS DAGA FLEXY-HEAT CME,69.90,NO,PEQUEÑO ELECTRODOMÉSTICO  
MANTA ELÉCTRICA DAGA SOFTY PLUS,89.90,NO,PEQUEÑO ELECTRODOMÉSTICO  
ALMOHADILLA ELÉCTRICA NORMAL DAGA N4,69.90,NO,PEQUEÑO ELECTRODOMÉSTICO  
CALEFACTOR CERÁMICO ORBEGOZO CR 5012,26.90,NO,CLIMATIZACIÓN  
CALEFACTOR TERMOVENTILADOR JATA TV74,18.90,NO,CLIMATIZACIÓN  
CALEFACTOR TERMOVENTILADOR JATA TV63,18.90,NO,CLIMATIZACIÓN  
CALEFACTOR TERMOVENTILADOR JATA TV64,23.90,NO,CLIMATIZACIÓN  
RADIADOR DE MICA JATA PA2020,109,NO,CLIMATIZACIÓN  
CALEFACTOR TERMOVENTILADOR ORBEGOZO FH 5037,19.90,NO,CLIMATIZACIÓN  
CALEFACTOR TERMOVENTILADOR ORBEGOZO FH 7000,19.90,NO,CLIMATIZACIÓN  
RADIADOR DE MICA JATA PA1515,89,NO,CLIMATIZACIÓN  
CALEFACTOR TERMOVENTILADOR ORBEGOZO FH 5570,20.90,NO,CLIMATIZACIÓN  
CALEFACTOR TERMOVENTILADOR ORBEGOZO FH 5115,14.90,NO,CLIMATIZACIÓN  
CALEFACTOR CERÁMICO ORBEGOZO CR 6025,37.90,NO,CLIMATIZACIÓN  
CALEFACTOR CERÁMICO ORBEGOZO CR 6000,25.90,NO,CLIMATIZACIÓN  
CALEFACTOR TERMOVENTILADOR ORBEGOZO FH 5001,9.90,NO,CLIMATIZACIÓN  
ALMOHADILLA ELÉCTRICA CERVICAL JATA CT30,36.90,NO,PEQUEÑO ELECTRODOMÉSTICO  
ALMOHADILLA ELÉCTRICA NORMAL JATA CT20,31.90,NO,PEQUEÑO ELECTRODOMÉSTICO  
CALEFACTOR CONVECTOR ORBEGOZO CVT 3300 A,32.90,NO,CLIMATIZACIÓN  
CALEFACTOR CONVECTOR ORBEGOZO CVT 3400,37.90,NO,CLIMATIZACIÓN  
EMISORES TÉRMICOS ORBEGOZO RRM 510,85,NO,CLIMATIZACIÓN  
CALEFACTOR TERMOVENTILADOR ORBEGOZO SP 6000,49.90,NO,CLIMATIZACIÓN  
DESHUMIDIFICADOR ORBEGOZO DH 250,59,NO,CLIMATIZACIÓN  
EMISORES TÉRMICOS ORBEGOZO RRE 510,95,NO,CLIMATIZACIÓN  
EMISORES TÉRMICOS ORBEGOZO RRM 1510,159,NO,CLIMATIZACIÓN  
EMISORES TÉRMICOS ORBEGOZO RRM 1310,139,NO,CLIMATIZACIÓN  
EMISORES TÉRMICOS ORBEGOZO RRM 1810,189,NO,CLIMATIZACIÓN  
EMISORES TÉRMICOS ORBEGOZO RRE 1010,129,NO,CLIMATIZACIÓN  
EMISORES TÉRMICOS ORBEGOZO RRE 810,119,NO,CLIMATIZACIÓN  
CALIENTA CAMAS ORBEGOZO CE 6000,20.90,NO,PEQUEÑO ELECTRODOMÉSTICO  
RADIADOR DE INFRARROJOS ORBEGOZO BB 5002,22.90,NO,CLIMATIZACIÓN  
RADIADOR DE INFRARROJOS ORBEGOZO BP 0102,27.90,NO,CLIMATIZACIÓN  
RADIADOR DE INFRARROJOS ORBEGOZO BP 5003 A,20.90,NO,CLIMATIZACIÓN  
ESTUFA A GAS DE LLAMA AZUL ORBEGOZO HBF 90,99,NO,CLIMATIZACIÓN  
HUMIDIFICADOR ORBEGOZO HU 2028,39,NO,CLIMATIZACIÓN  
HUMIDIFICADOR ORBEGOZO HUA 3000,34.90,NO,CLIMATIZACIÓN  
RADIADOR DE INFRARROJOS ORBEGOZO LO 7000,15.90,NO,CLIMATIZACIÓN  
HUMIDIFICADOR ORBEGOZO HU 2013,34.90,NO,CLIMATIZACIÓN  
RADIADOR DE INFRARROJOS ORBEGOZO BP 0600,19.90,NO,CLIMATIZACIÓN  
RADIADOR DE MICA ORBEGOZO RM 1000,65,NO,CLIMATIZACIÓN  
RADIADOR DE MICA ORBEGOZO RMN 1575,65,NO,CLIMATIZACIÓN  
RADIADOR DE MICA ORBEGOZO RMN 2050,69,NO,CLIMATIZACIÓN  
RADIADOR DE MICA ORBEGOZO RMN 2075,72,NO,CLIMATIZACIÓN  
RADIADOR DE INFRARROJOS ORBEGOZO BP 0204,20.90,NO,CLIMATIZACIÓN  
ESTUFA A GAS DE LLAMA AZUL ORBEGOZO HBF 95,129,NO,CLIMATIZACIÓN  
ESTUFA A GAS CATALÍTICA ORBEGOZO H 55,109,NO,CLIMATIZACIÓN  
RADIADOR DE ACEITE SYP SAHARA-2003,79,NO,CLIMATIZACIÓN  
RADIADOR DE ACEITE SYP SAHARA-2503,89,NO,CLIMATIZACIÓN  
HUMIDIFICADOR SYP HUMI-ED,109,NO,CLIMATIZACIÓN  
HORNO ELÉCTRICO SIEMENS HB574AER0,589,NO,GRAN ELECTRODOMÉSTICO  
CAMPANA TELESCÓPICA TEKA CNL 6400 INOX,159,NO,GRAN ELECTRODOMÉSTICO  
ARROCERA TAURUS RICE CHEF (968.932),49,SI,PEQUEÑO ELECTRODOMÉSTICO  
ALTAVOZ PORTÁTIL HUAWEI CM51 ROJO,24.90,NO,IMAGEN Y SONIDO  
ALTAVOZ PORTÁTIL SONY SRS-XB12B,59,NO,IMAGEN Y SONIDO  
CALEFACTOR CERÁMICO ORBEGOZO SP 6500,55,NO,CLIMATIZACIÓN  
RELOJ SMARTWATCH XIAOMI AMAZFIT GTR 42 MM CORAL RED,109,NO,INFORMÁTICA Y TELEFONÍA  
BATIDORA DE VASO BOSCH MMBM7G2M,89,NO,PEQUEÑO ELECTRODOMÉSTICO  
TABLET SPC INTERNET GRAVITY MAX 10.1 9771216B,109,NO,INFORMÁTICA Y TELEFONÍA  
SECADORA CARGA FRONTAL BEKO DV8120N,269,NO,GRAN ELECTRODOMÉSTICO  
BATIDORA DE VARILLA JATA BT185,34.90,SI,PEQUEÑO ELECTRODOMÉSTICO  
ASPIRADOR ESCOBA UFESA AE4522,115,NO,PEQUEÑO ELECTRODOMÉSTICO  
AFEITADORA CORPORAL PHILIPS BG3016 15,42,NO,PEQUEÑO ELECTRODOMÉSTICO  
PLANCHA DE VAPOR PHILIPS GC2675 85,45,NO,PEQUEÑO ELECTRODOMÉSTICO  
CALENTADOR A GAS BOSCH THERM 2400S 11 ND23 GN,399,NO,GRAN ELECTRODOMÉSTICO  
FRIGORÍFICO COMBI BRU EC 1880 NFI,419,NO,GRAN ELECTRODOMÉSTICO  
LAVAVAJILLAS BRU ELV 1270 DI,349,NO,GRAN ELECTRODOMÉSTICO  
LAVAVAJILLAS BRU ELV 1270 DW,319,NO,GRAN ELECTRODOMÉSTICO  
ASPIRADOR ROBOT IROBOT ROOMBA 605,219,NO,PEQUEÑO ELECTRODOMÉSTICO  
AURICULARES BOTÓN SUNSTECH WAVEPODS WT,19.90,NO,IMAGEN Y SONIDO  
CALEFACTOR TERMOVENTILADOR SYP TL-39 H,32.90,NO,CLIMATIZACIÓN  
CALEFACTOR TERMOVENTILADOR SYP TL-39 V,39.90,NO,CLIMATIZACIÓN  
CALEFACTOR TERMOVENTILADOR SYP TL-39 VM,49.90,NO,CLIMATIZACIÓN  
ALMOHADILLA ELÉCTRICA NORMAL DAGA FLEXY-HEAT E4,47,NO,PEQUEÑO ELECTRODOMÉSTICO  
RADIADOR DE INFRARROJOS ORBEGOZO BP 0206,20.90,NO,CLIMATIZACIÓN  
EMISORES TÉRMICOS ORBEGOZO REH 2060,89,NO,CLIMATIZACIÓN  
EMISORES TÉRMICOS ORBEGOZO REH 1500,89,NO,CLIMATIZACIÓN  
BLU RAY REPRODUCTOR SONY BDP-S1700,85,NO,IMAGEN Y SONIDO  
CORTAPELO BRAUN HC 5010,36.90,NO,PEQUEÑO ELECTRODOMÉSTICO  
ORDENADOR PORTÁTIL PRIMUX IOX ALL IN ONE,229,NO,INFORMÁTICA Y TELEFONÍA  
CAFETERA DE CÁPSULAS DELONGHI EN 85.L ESSENZA MINI,105,SI,PEQUEÑO ELECTRODOMÉSTICO  
ENCIMERA VITROCERÁMICA DE INDUCCIÓN SIEMENS EH651FDC1E,659,NO,GRAN ELECTRODOMÉSTICO  
CONGELADOR VERTICAL HISENSE FV105D4AW2,219,SI,GRAN ELECTRODOMÉSTICO  
CONGELADOR VERTICAL HISENSE FV341N4BC2,549,SI,GRAN ELECTRODOMÉSTICO  
FRIGORÍFICO UNA PUERTA HISENSE RR154D4AW2,229,SI,GRAN ELECTRODOMÉSTICO  
FRIGORÍFICO DOS PUERTAS HISENSE RT417N4DC1,459,SI,GRAN ELECTRODOMÉSTICO  
CONJUNTO HORNO + ENCIMERA VITRO BEKO BSE22120X,359,NO,GRAN ELECTRODOMÉSTICO  
CAMPANA TELESCÓPICA TEKA CNL 6415 NEGRA,149,NO,GRAN ELECTRODOMÉSTICO  
CAMPANA TELESCÓPICA TEKA TL 6310 BLANCA,89,NO,GRAN ELECTRODOMÉSTICO  
MICROONDAS TEKA MWE 230 G BLANCO,109,NO,GRAN ELECTRODOMÉSTICO  
CAMPANA GRUPO FILTRANTE TEKA GFH 55 INOX,119,NO,GRAN ELECTRODOMÉSTICO  
CAFETERA EXPRESSO DELONGHI ECP 33.21.BK ACTIVE LINE,159,SI,PEQUEÑO ELECTRODOMÉSTICO  
HUMIDIFICADOR ORBEGOZO HUA 4000,34.90,NO,CLIMATIZACIÓN  
EMISORES TÉRMICOS JATA DKX2000C,139,NO,CLIMATIZACIÓN  
CALEFACTOR TERMOVENTILADOR ORBEGOZO FH 5033,30.90,NO,CLIMATIZACIÓN  
ALMOHADILLA ELÉCTRICA NORMAL JATA CT10,29.90,NO,PEQUEÑO ELECTRODOMÉSTICO  
ESTUFA A GAS CERÁMICA ORBEGOZO HCE 73,95,NO,CLIMATIZACIÓN  
SECADORA CARGA FRONTAL BOSCH WTG87249ES,689,NO,GRAN ELECTRODOMÉSTICO  
SMARTPHONE SAMSUNG GALAXY NOTE9 128GB NEGRO(SM-N960FZKDPHE),599,NO,INFORMÁTICA Y TELEFONÍA  
PLANCHA DE VAPOR TAURUS BALTIC 2200,22.90,NO,PEQUEÑO ELECTRODOMÉSTICO  
CAMPANA DECORATIVA DE PARED TEKA DSH 685,259,SI,GRAN ELECTRODOMÉSTICO  
CAMPANA CONVENCIONAL TEKA C 6420 INOX,129,NO,GRAN ELECTRODOMÉSTICO  
CAMPANA TELESCÓPICA TEKA CNL 6400 BLANCA,149,NO,GRAN ELECTRODOMÉSTICO  
CAMPANA DECORATIVA DE PARED TEKA DVT 7857 NEGRA,399,NO,GRAN ELECTRODOMÉSTICO  
CAMPANA DECORATIVA DE PARED TEKA DVT 9857 NEGRA,429,NO,GRAN ELECTRODOMÉSTICO  
CONGELADOR HORIZONTAL HISENSE FT325D4HW1,299,SI,GRAN ELECTRODOMÉSTICO  
CONGELADOR HORIZONTAL HISENSE FT124D4HW1,169,SI,GRAN ELECTRODOMÉSTICO  
ACCESORIO ENTRETENIMIENTO TRUST 22692 GXT 707R RESTO ROJA,179,NO,IMAGEN Y SONIDO  
SMARTPHONE WIKO Y50 GRIS,69.90,NO,INFORMÁTICA Y TELEFONÍA  
ENCIMERA VITROCERÁMICA DE INDUCCIÓN BOSCH PIJ651FC1E,599,NO,GRAN ELECTRODOMÉSTICO  
LAVAVAJILLAS SIEMENS SN236I17IE,679,NO,GRAN ELECTRODOMÉSTICO  
AURICULARES DIADEMA SONY WH-CH510W,49,NO,IMAGEN Y SONIDO  
HORNO ELÉCTRICO TEKA HBE 615 ME SS,339,NO,GRAN ELECTRODOMÉSTICO  
CAFETERA DE CÁPSULAS KRUPS KP1301 LUMIO BLANCA,109,SI,PEQUEÑO ELECTRODOMÉSTICO  
BARBERO BRAUN BT5240,45.90,NO,PEQUEÑO ELECTRODOMÉSTICO  
CORTAPELO BRAUN MGK5260,59,NO,PEQUEÑO ELECTRODOMÉSTICO  
CORTAPELO BRAUN MGK7221,79,NO,PEQUEÑO ELECTRODOMÉSTICO  
CORTAPELO PHILIPS HC5612 15,32.90,NO,PEQUEÑO ELECTRODOMÉSTICO  
CORTAPELO PHILIPS MG7720 18,55,NO,PEQUEÑO ELECTRODOMÉSTICO  
ORDENADOR PORTÁTIL LENOVO V130-15IKB – 81HN00V3SP,299,SI,INFORMÁTICA Y TELEFONÍA  
ACCESORIO CUIDADO PERSONAL BRAUN EB 20-3 PRECISION CLEAN,15.90,NO,PEQUEÑO ELECTRODOMÉSTICO  
FRIGORÍFICO COMBI BRU EC 1880 NFDI,469,NO,GRAN ELECTRODOMÉSTICO  
FRIGORÍFICO COMBI BRU EC 1880 NFW,399,NO,GRAN ELECTRODOMÉSTICO  
FRIGORÍFICO COMBI BRU EC 1880 NFDW,439,NO,GRAN ELECTRODOMÉSTICO  
CAMPANA DECORATIVA DE PARED BRU ECT 90400,149,NO,GRAN ELECTRODOMÉSTICO  
CAMPANA DECORATIVA DE PARED BRU ECP 90420,99,NO,GRAN ELECTRODOMÉSTICO  
ENCIMERA GAS BRU EEG 3 FN,139,NO,GRAN ELECTRODOMÉSTICO  
FRIGORÍFICO UNA PUERTA BRU EF 1355 W,189,NO,GRAN ELECTRODOMÉSTICO  
FRIGORÍFICO DOS PUERTAS BRU EF 2400 W,259,NO,GRAN ELECTRODOMÉSTICO  
FRIGORÍFICO DOS PUERTAS BRU EF 2940 W,319,NO,GRAN ELECTRODOMÉSTICO  
CAMPANA DECORATIVA DE PARED BRU ECP 60420,79,NO,GRAN ELECTRODOMÉSTICO  
FRIGORÍFICO TABLE TOP BRU EF 9750 CW,169,NO,GRAN ELECTRODOMÉSTICO  
HORNO ELÉCTRICO BRU EH 7006 MI,229,NO,GRAN ELECTRODOMÉSTICO  
SECADORA CARGA FRONTAL BRU ESC 8160 B,349,NO,GRAN ELECTRODOMÉSTICO  
ENCIMERA VITROCERÁMICA DE INDUCCIÓN BRU EVI 7103 B,259,NO,GRAN ELECTRODOMÉSTICO  
TELEVISOR LED 70′′ PHILIPS 70PUS7555 12,799,NO,IMAGEN Y SONIDO  
TELEVISOR LED 58′′ PHILIPS 58PUS7555 12,569,NO,IMAGEN Y SONIDO  
FRIGORÍFICO COMBI BOSCH KGN39XIDP,989,NO,GRAN ELECTRODOMÉSTICO  
FRIGORÍFICO COMBI SIEMENS KG39NVIDA,899,NO,GRAN ELECTRODOMÉSTICO  
TELEVISOR LED 49′′ LG 49UN71006LB,429,SI,IMAGEN Y SONIDO  
TELEVISOR LED 75′′ LG 75UN71006LC,1.099,NO,IMAGEN Y SONIDO  
TELEVISOR LED 55′′ SONY KD-55XH8096BAEP,749,SI,IMAGEN Y SONIDO  
FRIGORÍFICO COMBI SIEMENS KG36NVIEP,759,NO,GRAN ELECTRODOMÉSTICO  
LAVADORA CARGA FRONTAL BRU EL 9140 IV,419,NO,GRAN ELECTRODOMÉSTICO  
LAVAVAJILLAS BOSCH SMS46LW00E,529,NO,GRAN ELECTRODOMÉSTICO  
LAVAVAJILLAS BOSCH SMS46LI04E,599,NO,GRAN ELECTRODOMÉSTICO  
LAVADORA CARGA FRONTAL BEKO WTA 9612 XSWR,359,NO,GRAN ELECTRODOMÉSTICO  
SECADOR ROWENTA CV5912F0 POWERLINE + ELITE,29.90,NO,PEQUEÑO ELECTRODOMÉSTICO  
ACCESORIO CUIDADO PERSONAL UFESA DM35G,33.90,NO,PEQUEÑO ELECTRODOMÉSTICO  
PLANCHA DE VAPOR UFESA GS1800,45,NO,PEQUEÑO ELECTRODOMÉSTICO  
TABLET SPC INTERNET GRAVITY OCTACORE 9772332N,149,NO,INFORMÁTICA Y TELEFONÍA  
CAFETERA EXPRESSO UFESA CE7238 CREAM,129,NO,PEQUEÑO ELECTRODOMÉSTICO  
CAFETERA DE GOTEO UFESA CG 7223 ACTIVA,36.90,NO,PEQUEÑO ELECTRODOMÉSTICO  
CAFETERA EXPRESSO DELONGHI ECAM 353.15.B DINAMICA,579,NO,PEQUEÑO ELECTRODOMÉSTICO  
SECADORA CARGA FRONTAL BEKO DB 7111 GA0,349,NO,GRAN ELECTRODOMÉSTICO  
CAFETERA FUEGO ORBEGOZO KFI 460,10.90,NO,PEQUEÑO ELECTRODOMÉSTICO  
CAFETERA FUEGO ORBEGOZO KFI 660,12.90,NO,PEQUEÑO ELECTRODOMÉSTICO  
CAFETERA DE GOTEO ORBEGOZO CG 4016,22.90,NO,PEQUEÑO ELECTRODOMÉSTICO  
CAFETERA FUEGO ORBEGOZO KFI 960,17.90,NO,PEQUEÑO ELECTRODOMÉSTICO  
CAFETERA FUEGO ORBEGOZO KF 300,5.90,NO,PEQUEÑO ELECTRODOMÉSTICO  
CAFETERA FUEGO ORBEGOZO KF 900,9.90,NO,PEQUEÑO ELECTRODOMÉSTICO  
CAFETERA FUEGO ORBEGOZO KF 1200,11.90,NO,PEQUEÑO ELECTRODOMÉSTICO  
CAFETERA FUEGO ORBEGOZO KF 600,6.90,NO,PEQUEÑO ELECTRODOMÉSTICO  
FRIGORÍFICO COMBI BEKO RCNE560E40ZXBN,679,NO,GRAN ELECTRODOMÉSTICO  
CONGELADOR HORIZONTAL BEKO HS221530N,259,NO,GRAN ELECTRODOMÉSTICO  
FRIGORÍFICO COMBI BEKO RCNE560K40WN,629,NO,GRAN ELECTRODOMÉSTICO  
FRIGORÍFICO COMBI BEKO RCNE366K40WN,489,NO,GRAN ELECTRODOMÉSTICO  
FRIGORÍFICO COMBI BEKO RCNE366K40XBN,529,NO,GRAN ELECTRODOMÉSTICO  
CONGELADOR VERTICAL BEKO RFNE312I31XBN,589,NO,GRAN ELECTRODOMÉSTICO  
CONGELADOR VERTICAL BEKO FNE1073N,319,NO,GRAN ELECTRODOMÉSTICO  
LAVADORA CARGA FRONTAL BALAY 3TS993BD,679,NO,GRAN ELECTRODOMÉSTICO  
CONGELADOR VERTICAL BALAY 3GFF563WE,739,NO,GRAN ELECTRODOMÉSTICO  
FRIGORÍFICO COMBI SIEMENS KG39NXIEA,999,NO,GRAN ELECTRODOMÉSTICO  
